Resource,MA_natural_gas_combined_cycle,CT_natural_gas_combined_cycle,ME_natural_gas_combined_cycle,Total
Zone,1,2,3,0
AnnualSum,49896.07619542653,19542.777558596623,4179.755016196898,73618.60877022005
t1,-0.0,0.0,-0.0,0.0
t2,-0.0,-0.0,-0.0,0.0
t3,-0.0,-0.0,-0.0,0.0
t4,-0.0,-0.0,-0.0,0.0
t5,-0.0,-0.0,-0.0,0.0
t6,-0.0,-0.0,-0.0,0.0
t7,-0.0,-0.0,-0.0,0.0
t8,-0.0,-0.0,-0.0,0.0
t9,-0.0,-0.0,-0.0,0.0
t10,-0.0,-0.0,-0.0,0.0
t11,-0.0,-0.0,-0.0,0.0
t12,-0.0,0.0,-0.0,0.0
t13,-0.0,-0.0,-0.0,0.0
t14,-0.0,-0.0,0.0,0.0
t15,-0.0,-0.0,-0.0,0.0
t16,-0.0,-0.0,-0.0,0.0
t17,-0.0,-0.0,-0.0,0.0
t18,-0.0,-0.0,-0.0,0.0
t19,-0.0,-0.0,-0.0,0.0
t20,-0.0,-0.0,-0.0,0.0
t21,-0.0,-0.0,-0.0,0.0
t22,-0.0,-0.0,-0.0,0.0
t23,-0.0,-0.0,-0.0,0.0
t24,-0.0,-0.0,-0.0,0.0
t25,-0.0,-0.0,-0.0,0.0
t26,-0.0,-0.0,-0.0,0.0
t27,-0.0,-0.0,-0.0,0.0
t28,-0.0,0.0,-0.0,0.0
t29,-0.0,0.0,-0.0,0.0
t30,-0.0,0.0,-0.0,0.0
t31,-0.0,-0.0,-0.0,0.0
t32,-0.0,0.0,-0.0,0.0
t33,-0.0,0.0,-0.0,0.0
t34,-0.0,-0.0,-0.0,0.0
t35,-0.0,-0.0,-0.0,0.0
t36,-0.0,-0.0,-0.0,0.0
t37,-0.0,-0.0,-0.0,0.0
t38,-0.0,-0.0,-0.0,0.0
t39,-0.0,-0.0,-0.0,0.0
t40,-0.0,-0.0,-0.0,0.0
t41,-0.0,-0.0,-0.0,0.0
t42,-0.0,-0.0,-0.0,0.0
t43,-0.0,-0.0,-0.0,0.0
t44,-0.0,-0.0,-0.0,0.0
t45,-0.0,-0.0,-0.0,0.0
t46,-0.0,-0.0,-0.0,0.0
t47,-0.0,-0.0,-0.0,0.0
t48,-0.0,-0.0,-0.0,0.0
t49,-0.0,-0.0,-0.0,0.0
t50,0.0,-0.0,-0.0,0.0
t51,-0.0,-0.0,-0.0,0.0
t52,-0.0,-0.0,-0.0,0.0
t53,-0.0,0.0,-0.0,0.0
t54,-0.0,-0.0,-0.0,0.0
t55,-0.0,0.0,-0.0,0.0
t56,-0.0,0.0,-0.0,0.0
t57,-0.0,-0.0,-0.0,0.0
t58,-0.0,-0.0,-0.0,0.0
t59,-0.0,-0.0,-0.0,0.0
t60,-0.0,-0.0,-0.0,0.0
t61,-0.0,-0.0,-0.0,0.0
t62,-0.0,-0.0,-0.0,0.0
t63,-0.0,-0.0,-0.0,0.0
t64,-0.0,-0.0,-0.0,0.0
t65,-0.0,-0.0,-0.0,0.0
t66,-0.0,-0.0,-0.0,0.0
t67,-0.0,-0.0,-0.0,0.0
t68,-0.0,-0.0,-0.0,0.0
t69,-0.0,-0.0,-0.0,0.0
t70,-0.0,-0.0,-0.0,0.0
t71,-0.0,-0.0,-0.0,0.0
t72,-0.0,-0.0,-0.0,0.0
t73,-0.0,-0.0,-0.0,0.0
t74,-0.0,-0.0,-0.0,0.0
t75,-0.0,-0.0,-0.0,0.0
t76,-0.0,-0.0,-0.0,0.0
t77,-0.0,-0.0,-0.0,0.0
t78,-0.0,-0.0,-0.0,0.0
t79,-0.0,-0.0,-0.0,0.0
t80,-0.0,-0.0,-0.0,0.0
t81,-0.0,0.0,-0.0,0.0
t82,-0.0,-0.0,-0.0,0.0
t83,-0.0,-0.0,-0.0,0.0
t84,-0.0,-0.0,-0.0,0.0
t85,-0.0,-0.0,-0.0,0.0
t86,-0.0,-0.0,-0.0,0.0
t87,-0.0,-0.0,-0.0,0.0
t88,-0.0,-0.0,-0.0,0.0
t89,-0.0,-0.0,-0.0,0.0
t90,14.24386639237173,-0.0,-0.0,14.24386639237173
t91,14.24386639237173,-0.0,-0.0,14.24386639237173
t92,14.24386639237173,-0.0,-0.0,14.24386639237173
t93,14.24386639237173,-0.0,-0.0,14.24386639237173
t94,14.24386639237173,-0.0,0.0,14.24386639237173
t95,14.24386639237173,-0.0,-0.0,14.24386639237173
t96,14.24386639237173,-0.0,-0.0,14.24386639237173
t97,14.24386639237173,-0.0,-0.0,14.24386639237173
t98,14.24386639237173,-0.0,-0.0,14.24386639237173
t99,14.24386639237173,-0.0,-0.0,14.24386639237173
t100,14.24386639237173,-0.0,-0.0,14.24386639237173
t101,14.24386639237173,-0.0,-0.0,14.24386639237173
t102,14.24386639237173,-0.0,-0.0,14.24386639237173
t103,14.24386639237173,-0.0,-0.0,14.24386639237173
t104,14.24386639237173,-0.0,-0.0,14.24386639237173
t105,14.24386639237173,-0.0,-0.0,14.24386639237173
t106,14.24386639237173,-0.0,-0.0,14.24386639237173
t107,14.24386639237173,-0.0,-0.0,14.24386639237173
t108,14.24386639237173,-0.0,-0.0,14.24386639237173
t109,14.24386639237173,-0.0,-0.0,14.24386639237173
t110,14.24386639237173,-0.0,-0.0,14.24386639237173
t111,14.24386639237173,-0.0,-0.0,14.24386639237173
t112,14.24386639237173,-0.0,-0.0,14.24386639237173
t113,14.24386639237173,-0.0,-0.0,14.24386639237173
t114,14.24386639237173,-0.0,-0.0,14.24386639237173
t115,14.24386639237173,-0.0,-0.0,14.24386639237173
t116,14.24386639237173,-0.0,0.0,14.24386639237173
t117,14.24386639237173,-0.0,-0.0,14.24386639237173
t118,14.24386639237173,-0.0,-0.0,14.24386639237173
t119,14.24386639237173,-0.0,-0.0,14.24386639237173
t120,14.24386639237173,-0.0,-0.0,14.24386639237173
t121,2.1848607172064773,-0.0,-0.0,2.1848607172064773
t122,2.1848607172064773,-0.0,-0.0,2.1848607172064773
t123,2.1848607172064773,-0.0,-0.0,2.1848607172064773
t124,2.1848607172064773,-0.0,-0.0,2.1848607172064773
t125,2.1848607172064773,-0.0,-0.0,2.1848607172064773
t126,2.1848607172064773,-0.0,-0.0,2.1848607172064773
t127,2.1848607172064773,-0.0,-0.0,2.1848607172064773
t128,2.1848607172064773,-0.0,-0.0,2.1848607172064773
t129,2.1848607172064773,-0.0,-0.0,2.1848607172064773
t130,2.1848607172064773,-0.0,-0.0,2.1848607172064773
t131,2.1848607172064773,-0.0,-0.0,2.1848607172064773
t132,2.1848607172064773,-0.0,-0.0,2.1848607172064773
t133,2.1848607172064773,-0.0,-0.0,2.1848607172064773
t134,2.1848607172064773,-0.0,-0.0,2.1848607172064773
t135,2.1848607172064773,-0.0,-0.0,2.1848607172064773
t136,2.1848607172064773,-0.0,0.0,2.1848607172064773
t137,2.1848607172064773,-0.0,-0.0,2.1848607172064773
t138,2.1848607172064773,-0.0,-0.0,2.1848607172064773
t139,2.1848607172064773,-0.0,-0.0,2.1848607172064773
t140,2.1848607172064773,-0.0,-0.0,2.1848607172064773
t141,2.1848607172064773,-0.0,-0.0,2.1848607172064773
t142,-0.0,-0.0,-0.0,0.0
t143,-0.0,-0.0,-0.0,0.0
t144,0.0,-0.0,-0.0,0.0
t145,-0.0,-0.0,-0.0,0.0
t146,-0.0,-0.0,-0.0,0.0
t147,-0.0,-0.0,-0.0,0.0
t148,-0.0,-0.0,-0.0,0.0
t149,-0.0,0.0,-0.0,0.0
t150,-0.0,-0.0,-0.0,0.0
t151,-0.0,-0.0,-0.0,0.0
t152,-0.0,-0.0,-0.0,0.0
t153,-0.0,-0.0,-0.0,0.0
t154,-0.0,-0.0,-0.0,0.0
t155,-0.0,-0.0,-0.0,0.0
t156,-0.0,-0.0,-0.0,0.0
t157,-0.0,-0.0,-0.0,0.0
t158,-0.0,-0.0,-0.0,0.0
t159,-0.0,-0.0,-0.0,0.0
t160,-0.0,-0.0,-0.0,0.0
t161,-0.0,-0.0,-0.0,0.0
t162,-0.0,-0.0,-0.0,0.0
t163,-0.0,-0.0,-0.0,0.0
t164,-0.0,-0.0,0.0,0.0
t165,-0.0,-0.0,-0.0,0.0
t166,-0.0,-0.0,-0.0,0.0
t167,-0.0,-0.0,-0.0,0.0
t168,-0.0,-0.0,-0.0,0.0
t169,-0.0,-0.0,-0.0,0.0
t170,-0.0,-0.0,-0.0,0.0
t171,-0.0,-0.0,-0.0,0.0
t172,-0.0,-0.0,-0.0,0.0
t173,-0.0,-0.0,-0.0,0.0
t174,-0.0,-0.0,-0.0,0.0
t175,-0.0,-0.0,-0.0,0.0
t176,-0.0,-0.0,-0.0,0.0
t177,-0.0,-0.0,-0.0,0.0
t178,-0.0,-0.0,-0.0,0.0
t179,-0.0,-0.0,-0.0,0.0
t180,-0.0,-0.0,-0.0,0.0
t181,-0.0,-0.0,-0.0,0.0
t182,-0.0,-0.0,-0.0,0.0
t183,-0.0,-0.0,-0.0,0.0
t184,-0.0,-0.0,-0.0,0.0
t185,-0.0,-0.0,-0.0,0.0
t186,-0.0,-0.0,-0.0,0.0
t187,-0.0,-0.0,-0.0,0.0
t188,-0.0,-0.0,-0.0,0.0
t189,-0.0,-0.0,-0.0,0.0
t190,-0.0,-0.0,-0.0,0.0
t191,-0.0,-0.0,-0.0,0.0
t192,-0.0,-0.0,-0.0,0.0
t193,-0.0,0.0,-0.0,0.0
t194,-0.0,0.0,-0.0,0.0
t195,-0.0,-0.0,-0.0,0.0
t196,-0.0,-0.0,-0.0,0.0
t197,-0.0,0.0,-0.0,0.0
t198,-0.0,-0.0,-0.0,0.0
t199,-0.0,-0.0,-0.0,0.0
t200,-0.0,0.0,0.0,0.0
t201,-0.0,-0.0,-0.0,0.0
t202,-0.0,-0.0,-0.0,0.0
t203,-0.0,-0.0,-0.0,0.0
t204,-0.0,-0.0,-0.0,0.0
t205,-0.0,-0.0,-0.0,0.0
t206,-0.0,-0.0,-0.0,0.0
t207,-0.0,-0.0,-0.0,0.0
t208,-0.0,-0.0,-0.0,0.0
t209,-0.0,-0.0,-0.0,0.0
t210,6.000157265917016,-0.0,-0.0,6.000157265917016
t211,6.000157265917016,-0.0,-0.0,6.000157265917016
t212,6.000157265917016,-0.0,-0.0,6.000157265917016
t213,6.000157265917016,-0.0,-0.0,6.000157265917016
t214,6.000157265917016,-0.0,-0.0,6.000157265917016
t215,6.000157265917016,-0.0,-0.0,6.000157265917016
t216,6.000157265917016,-0.0,-0.0,6.000157265917016
t217,6.000157265917016,-0.0,-0.0,6.000157265917016
t218,6.000157265917016,-0.0,-0.0,6.000157265917016
t219,6.000157265917016,-0.0,-0.0,6.000157265917016
t220,7.077266799457731,-0.0,-0.0,7.077266799457731
t221,7.077266799457731,-0.0,-0.0,7.077266799457731
t222,7.077266799457731,-0.0,-0.0,7.077266799457731
t223,7.077266799457731,-0.0,-0.0,7.077266799457731
t224,7.077266799457731,-0.0,-0.0,7.077266799457731
t225,7.077266799457731,-0.0,0.0,7.077266799457731
t226,7.077266799457731,-0.0,-0.0,7.077266799457731
t227,7.077266799457731,-0.0,-0.0,7.077266799457731
t228,7.077266799457731,-0.0,-0.0,7.077266799457731
t229,7.077266799457731,-0.0,-0.0,7.077266799457731
t230,7.077266799457731,0.0,-0.0,7.077266799457731
t231,7.077266799457731,-0.0,-0.0,7.077266799457731
t232,7.077266799457731,-0.0,-0.0,7.077266799457731
t233,7.07726679945773,-0.0,-0.0,7.07726679945773
t234,24.052328228035,-0.0,-0.0,24.052328228035
t235,24.052328228035,-0.0,-0.0,24.052328228035
t236,24.052328228035,-0.0,-0.0,24.052328228035
t237,24.052328228035,-0.0,-0.0,24.052328228035
t238,24.052328228035,-0.0,-0.0,24.052328228035
t239,24.052328228035,-0.0,-0.0,24.052328228035
t240,24.052328228035,-0.0,-0.0,24.052328228035
t241,24.052328228035,-0.0,-0.0,24.052328228035
t242,24.052328228035,-0.0,-0.0,24.052328228035
t243,24.052328228035,-0.0,-0.0,24.052328228035
t244,24.052328228035,-0.0,-0.0,24.052328228035
t245,24.052328228035,-0.0,-0.0,24.052328228035
t246,24.052328228035,-0.0,-0.0,24.052328228035
t247,24.052328228035,-0.0,-0.0,24.052328228035
t248,24.052328228035,-0.0,-0.0,24.052328228035
t249,24.052328228035,-0.0,-0.0,24.052328228035
t250,24.052328228035,-0.0,0.0,24.052328228035
t251,24.052328228035,-0.0,-0.0,24.052328228035
t252,24.052328228035,-0.0,-0.0,24.052328228035
t253,24.052328228035,-0.0,-0.0,24.052328228035
t254,24.052328228035,-0.0,-0.0,24.052328228035
t255,24.052328228035,-0.0,-0.0,24.052328228035
t256,24.052328228035,-0.0,-0.0,24.052328228035
t257,24.052328228035,-0.0,-0.0,24.052328228035
t258,24.052328228035,-0.0,-0.0,24.052328228035
t259,24.052328228035,-0.0,-0.0,24.052328228035
t260,24.052328228035,-0.0,-0.0,24.052328228035
t261,24.052328228035,-0.0,-0.0,24.052328228035
t262,24.052328228035,-0.0,-0.0,24.052328228035
t263,24.052328228035,-0.0,-0.0,24.052328228035
t264,24.052328228035,-0.0,-0.0,24.052328228035
t265,24.052328228035,-0.0,-0.0,24.052328228035
t266,24.052328228035,-0.0,-0.0,24.052328228035
t267,24.052328228035,-0.0,-0.0,24.052328228035
t268,24.052328228035,-0.0,-0.0,24.052328228035
t269,24.052328228035,-0.0,-0.0,24.052328228035
t270,24.052328228035,-0.0,-0.0,24.052328228035
t271,24.052328228035,-0.0,-0.0,24.052328228035
t272,24.052328228035,-0.0,-0.0,24.052328228035
t273,24.052328228035,-0.0,-0.0,24.052328228035
t274,19.301447257919815,-0.0,-0.0,19.301447257919815
t275,19.301447257919815,-0.0,-0.0,19.301447257919815
t276,19.301447257919815,-0.0,-0.0,19.301447257919815
t277,19.301447257919815,-0.0,-0.0,19.301447257919815
t278,19.301447257919815,-0.0,-0.0,19.301447257919815
t279,19.301447257919815,-0.0,-0.0,19.301447257919815
t280,19.301447257919815,-0.0,-0.0,19.301447257919815
t281,19.301447257919815,-0.0,-0.0,19.301447257919815
t282,19.301447257919815,-0.0,-0.0,19.301447257919815
t283,19.301447257919815,-0.0,-0.0,19.301447257919815
t284,19.301447257919815,-0.0,-0.0,19.301447257919815
t285,19.301447257919815,-0.0,-0.0,19.301447257919815
t286,19.301447257919815,-0.0,-0.0,19.301447257919815
t287,19.301447257919815,-0.0,-0.0,19.301447257919815
t288,8.934301687797225,-0.0,-0.0,8.934301687797225
t289,-0.0,-0.0,-0.0,0.0
t290,-0.0,-0.0,-0.0,0.0
t291,0.0,-0.0,-0.0,0.0
t292,-0.0,-0.0,0.0,0.0
t293,-0.0,-0.0,-0.0,0.0
t294,-0.0,-0.0,-0.0,0.0
t295,-0.0,-0.0,-0.0,0.0
t296,-0.0,-0.0,-0.0,0.0
t297,-0.0,-0.0,-0.0,0.0
t298,-0.0,-0.0,-0.0,0.0
t299,-0.0,-0.0,-0.0,0.0
t300,-0.0,-0.0,-0.0,0.0
t301,-0.0,0.0,-0.0,0.0
t302,0.0,-0.0,-0.0,0.0
t303,0.0,-0.0,-0.0,0.0
t304,-0.0,-0.0,-0.0,0.0
t305,-0.0,-0.0,-0.0,0.0
t306,0.0,-0.0,-0.0,0.0
t307,-0.0,-0.0,-0.0,0.0
t308,-0.0,0.0,-0.0,0.0
t309,-0.0,-0.0,-0.0,0.0
t310,0.0,-0.0,-0.0,0.0
t311,-0.0,-0.0,-0.0,0.0
t312,-0.0,-0.0,-0.0,0.0
t313,-0.0,-0.0,-0.0,0.0
t314,-0.0,-0.0,-0.0,0.0
t315,-0.0,-0.0,-0.0,0.0
t316,0.0,-0.0,-0.0,0.0
t317,-0.0,-0.0,-0.0,0.0
t318,-0.0,-0.0,-0.0,0.0
t319,-0.0,-0.0,-0.0,0.0
t320,-0.0,0.0,-0.0,0.0
t321,-0.0,-0.0,-0.0,0.0
t322,-0.0,-0.0,-0.0,0.0
t323,-0.0,-0.0,-0.0,0.0
t324,-0.0,-0.0,-0.0,0.0
t325,-0.0,-0.0,-0.0,0.0
t326,-0.0,-0.0,-0.0,0.0
t327,-0.0,-0.0,-0.0,0.0
t328,-0.0,-0.0,-0.0,0.0
t329,-0.0,0.0,-0.0,0.0
t330,-0.0,-0.0,-0.0,0.0
t331,-0.0,-0.0,-0.0,0.0
t332,-0.0,-0.0,-0.0,0.0
t333,-0.0,-0.0,-0.0,0.0
t334,-0.0,-0.0,-0.0,0.0
t335,-0.0,-0.0,-0.0,0.0
t336,0.0,-0.0,-0.0,0.0
t337,-0.0,-0.0,-0.0,0.0
t338,-0.0,-0.0,-0.0,0.0
t339,-0.0,-0.0,-0.0,0.0
t340,-0.0,-0.0,-0.0,0.0
t341,0.0,-0.0,-0.0,0.0
t342,-0.0,-0.0,-0.0,0.0
t343,-0.0,-0.0,-0.0,0.0
t344,-0.0,-0.0,0.0,0.0
t345,-0.0,-0.0,-0.0,0.0
t346,-0.0,-0.0,-0.0,0.0
t347,-0.0,-0.0,-0.0,0.0
t348,-0.0,-0.0,-0.0,0.0
t349,-0.0,-0.0,-0.0,0.0
t350,-0.0,-0.0,-0.0,0.0
t351,-0.0,-0.0,-0.0,0.0
t352,-0.0,-0.0,-0.0,0.0
t353,0.0,-0.0,-0.0,0.0
t354,-0.0,-0.0,-0.0,0.0
t355,-0.0,-0.0,0.0,0.0
t356,-0.0,-0.0,-0.0,0.0
t357,-0.0,-0.0,-0.0,0.0
t358,-0.0,-0.0,-0.0,0.0
t359,-0.0,-0.0,-0.0,0.0
t360,-0.0,-0.0,-0.0,0.0
t361,-0.0,-0.0,-0.0,0.0
t362,-0.0,-0.0,-0.0,0.0
t363,-0.0,-0.0,-0.0,0.0
t364,-0.0,-0.0,-0.0,0.0
t365,-0.0,-0.0,-0.0,0.0
t366,-0.0,-0.0,-0.0,0.0
t367,-0.0,-0.0,-0.0,0.0
t368,-0.0,-0.0,-0.0,0.0
t369,-0.0,0.0,-0.0,0.0
t370,-0.0,-0.0,-0.0,0.0
t371,-0.0,-0.0,-0.0,0.0
t372,-0.0,-0.0,-0.0,0.0
t373,-0.0,-0.0,-0.0,0.0
t374,-0.0,-0.0,-0.0,0.0
t375,-0.0,-0.0,-0.0,0.0
t376,-0.0,-0.0,-0.0,0.0
t377,-0.0,-0.0,-0.0,0.0
t378,-0.0,0.0,-0.0,0.0
t379,-0.0,0.0,-0.0,0.0
t380,-0.0,-0.0,-0.0,0.0
t381,-0.0,-0.0,-0.0,0.0
t382,-0.0,-0.0,-0.0,0.0
t383,-0.0,-0.0,-0.0,0.0
t384,-0.0,-0.0,-0.0,0.0
t385,-0.0,-0.0,-0.0,0.0
t386,-0.0,-0.0,-0.0,0.0
t387,-0.0,-0.0,-0.0,0.0
t388,-0.0,-0.0,-0.0,0.0
t389,-0.0,-0.0,-0.0,0.0
t390,-0.0,-0.0,-0.0,0.0
t391,-0.0,-0.0,-0.0,0.0
t392,-0.0,-0.0,-0.0,0.0
t393,-0.0,-0.0,-0.0,0.0
t394,-0.0,-0.0,-0.0,0.0
t395,-0.0,-0.0,-0.0,0.0
t396,-0.0,-0.0,-0.0,0.0
t397,-0.0,-0.0,-0.0,0.0
t398,-0.0,-0.0,-0.0,0.0
t399,-0.0,-0.0,-0.0,0.0
t400,-0.0,-0.0,-0.0,0.0
t401,-0.0,-0.0,-0.0,0.0
t402,-0.0,-0.0,-0.0,0.0
t403,-0.0,-0.0,-0.0,0.0
t404,0.0,-0.0,-0.0,0.0
t405,-0.0,-0.0,-0.0,0.0
t406,-0.0,-0.0,-0.0,0.0
t407,-0.0,-0.0,-0.0,0.0
t408,-0.0,-0.0,-0.0,0.0
t409,-0.0,-0.0,-0.0,0.0
t410,-0.0,-0.0,-0.0,0.0
t411,0.0,-0.0,-0.0,0.0
t412,-0.0,-0.0,-0.0,0.0
t413,-0.0,-0.0,-0.0,0.0
t414,-0.0,-0.0,-0.0,0.0
t415,-0.0,-0.0,-0.0,0.0
t416,-0.0,-0.0,-0.0,0.0
t417,-0.0,-0.0,-0.0,0.0
t418,-0.0,-0.0,-0.0,0.0
t419,-0.0,-0.0,-0.0,0.0
t420,-0.0,-0.0,-0.0,0.0
t421,-0.0,-0.0,-0.0,0.0
t422,-0.0,-0.0,-0.0,0.0
t423,-0.0,-0.0,-0.0,0.0
t424,-0.0,-0.0,-0.0,0.0
t425,-0.0,-0.0,-0.0,0.0
t426,-0.0,-0.0,-0.0,0.0
t427,-0.0,-0.0,-0.0,0.0
t428,-0.0,-0.0,-0.0,0.0
t429,-0.0,-0.0,-0.0,0.0
t430,-0.0,-0.0,-0.0,0.0
t431,-0.0,-0.0,-0.0,0.0
t432,-0.0,-0.0,-0.0,0.0
t433,-0.0,-0.0,-0.0,0.0
t434,-0.0,-0.0,-0.0,0.0
t435,-0.0,-0.0,-0.0,0.0
t436,-0.0,-0.0,-0.0,0.0
t437,-0.0,-0.0,-0.0,0.0
t438,-0.0,-0.0,-0.0,0.0
t439,-0.0,-0.0,-0.0,0.0
t440,-0.0,-0.0,-0.0,0.0
t441,-0.0,-0.0,-0.0,0.0
t442,-0.0,-0.0,-0.0,0.0
t443,-0.0,-0.0,-0.0,0.0
t444,-0.0,-0.0,-0.0,0.0
t445,-0.0,-0.0,-0.0,0.0
t446,-0.0,-0.0,-0.0,0.0
t447,-0.0,-0.0,-0.0,0.0
t448,-0.0,-0.0,-0.0,0.0
t449,-0.0,-0.0,-0.0,0.0
t450,-0.0,-0.0,-0.0,0.0
t451,-0.0,-0.0,-0.0,0.0
t452,-0.0,-0.0,-0.0,0.0
t453,-0.0,-0.0,-0.0,0.0
t454,-0.0,-0.0,-0.0,0.0
t455,-0.0,-0.0,-0.0,0.0
t456,-0.0,-0.0,-0.0,0.0
t457,-0.0,-0.0,-0.0,0.0
t458,-0.0,-0.0,-0.0,0.0
t459,-0.0,0.0,-0.0,0.0
t460,-0.0,-0.0,-0.0,0.0
t461,0.0,-0.0,-0.0,0.0
t462,-0.0,-0.0,-0.0,0.0
t463,-0.0,-0.0,-0.0,0.0
t464,-0.0,-0.0,-0.0,0.0
t465,-0.0,-0.0,-0.0,0.0
t466,-0.0,-0.0,-0.0,0.0
t467,-0.0,-0.0,-0.0,0.0
t468,-0.0,-0.0,0.0,0.0
t469,-0.0,-0.0,-0.0,0.0
t470,-0.0,-0.0,-0.0,0.0
t471,-0.0,-0.0,-0.0,0.0
t472,-0.0,-0.0,-0.0,0.0
t473,-0.0,-0.0,-0.0,0.0
t474,1.7654901985532738,8.413073056298465,-0.0,10.178563254851738
t475,1.7654901985532738,8.413073056298465,-0.0,10.178563254851738
t476,1.7654901985532738,8.413073056298465,-0.0,10.178563254851738
t477,1.7654901985532738,8.413073056298465,-0.0,10.178563254851738
t478,1.7654901985532738,8.413073056298465,-0.0,10.178563254851738
t479,1.7654901985532738,8.413073056298465,-0.0,10.178563254851738
t480,1.7654901985532738,8.413073056298465,-0.0,10.178563254851738
t481,1.7654901985532738,8.413073056298465,-0.0,10.178563254851738
t482,1.7654901985532738,8.413073056298465,-0.0,10.178563254851738
t483,1.7654901985532738,8.413073056298465,-0.0,10.178563254851738
t484,1.7654901985532738,8.413073056298465,-0.0,10.178563254851738
t485,1.7654901985532738,8.413073056298465,-0.0,10.178563254851738
t486,1.7654901985532738,8.413073056298465,-0.0,10.178563254851738
t487,1.7654901985532738,8.413073056298465,-0.0,10.178563254851738
t488,1.7654901985532738,8.413073056298465,-0.0,10.178563254851738
t489,1.7654901985532738,8.413073056298465,-0.0,10.178563254851738
t490,1.7654901985532738,8.413073056298465,-0.0,10.178563254851738
t491,1.7654901985532738,8.413073056298465,-0.0,10.178563254851738
t492,1.7654901985532738,8.413073056298465,-0.0,10.178563254851738
t493,1.7654901985532738,8.413073056298465,-0.0,10.178563254851738
t494,1.7654901985532738,8.413073056298465,-0.0,10.178563254851738
t495,1.7654901985532738,8.413073056298465,-0.0,10.178563254851738
t496,1.7654901985532738,8.413073056298465,-0.0,10.178563254851738
t497,1.7654901985532738,8.413073056298465,-0.0,10.178563254851738
t498,1.7654901985532738,8.413073056298465,-0.0,10.178563254851738
t499,1.7654901985532738,8.413073056298465,-0.0,10.178563254851738
t500,1.7654901985532738,8.413073056298465,-0.0,10.178563254851738
t501,1.7654901985532738,8.413073056298465,-0.0,10.178563254851738
t502,1.7654901985532738,8.101998870284191,-0.0,9.867489068837465
t503,0.9930882366862164,8.101998870284191,-0.0,9.095087106970407
t504,-0.0,-0.0,-0.0,0.0
t505,-0.0,-0.0,-0.0,0.0
t506,-0.0,-0.0,-0.0,0.0
t507,-0.0,-0.0,-0.0,0.0
t508,-0.0,0.0,-0.0,0.0
t509,-0.0,-0.0,-0.0,0.0
t510,-0.0,-0.0,-0.0,0.0
t511,-0.0,-0.0,-0.0,0.0
t512,-0.0,-0.0,-0.0,0.0
t513,-0.0,-0.0,-0.0,0.0
t514,-0.0,-0.0,0.0,0.0
t515,-0.0,-0.0,-0.0,0.0
t516,-0.0,-0.0,-0.0,0.0
t517,-0.0,-0.0,-0.0,0.0
t518,-0.0,-0.0,-0.0,0.0
t519,-0.0,-0.0,-0.0,0.0
t520,-0.0,-0.0,-0.0,0.0
t521,-0.0,-0.0,-0.0,0.0
t522,-0.0,0.0,-0.0,0.0
t523,-0.0,-0.0,-0.0,0.0
t524,-0.0,-0.0,-0.0,0.0
t525,-0.0,0.0,-0.0,0.0
t526,-0.0,-0.0,-0.0,0.0
t527,-0.0,-0.0,-0.0,0.0
t528,-0.0,-0.0,-0.0,0.0
t529,-0.0,-0.0,-0.0,0.0
t530,-0.0,-0.0,-0.0,0.0
t531,-0.0,-0.0,-0.0,0.0
t532,-0.0,-0.0,-0.0,0.0
t533,-0.0,-0.0,-0.0,0.0
t534,-0.0,-0.0,-0.0,0.0
t535,-0.0,-0.0,-0.0,0.0
t536,-0.0,-0.0,-0.0,0.0
t537,-0.0,-0.0,-0.0,0.0
t538,-0.0,-0.0,-0.0,0.0
t539,-0.0,-0.0,-0.0,0.0
t540,-0.0,-0.0,-0.0,0.0
t541,-0.0,-0.0,-0.0,0.0
t542,-0.0,-0.0,-0.0,0.0
t543,-0.0,-0.0,-0.0,0.0
t544,-0.0,-0.0,0.0,0.0
t545,-0.0,-0.0,-0.0,0.0
t546,-0.0,-0.0,-0.0,0.0
t547,-0.0,3.1769156729399164,-0.0,3.1769156729399164
t548,-0.0,3.1769156729399164,-0.0,3.1769156729399164
t549,-0.0,3.1769156729399164,-0.0,3.1769156729399164
t550,-0.0,3.1769156729399164,-0.0,3.1769156729399164
t551,-0.0,3.1769156729399164,-0.0,3.1769156729399164
t552,-0.0,3.1769156729399164,-0.0,3.1769156729399164
t553,-0.0,-0.0,-0.0,0.0
t554,-0.0,-0.0,-0.0,0.0
t555,-0.0,-0.0,-0.0,0.0
t556,-0.0,-0.0,-0.0,0.0
t557,-0.0,-0.0,-0.0,0.0
t558,-0.0,-0.0,-0.0,0.0
t559,-0.0,-0.0,-0.0,0.0
t560,-0.0,-0.0,-0.0,0.0
t561,-0.0,-0.0,-0.0,0.0
t562,-0.0,-0.0,-0.0,0.0
t563,-0.0,-0.0,-0.0,0.0
t564,-0.0,-0.0,-0.0,0.0
t565,-0.0,-0.0,-0.0,0.0
t566,-0.0,-0.0,-0.0,0.0
t567,-0.0,-0.0,-0.0,0.0
t568,-0.0,-0.0,-0.0,0.0
t569,-0.0,-0.0,-0.0,0.0
t570,-0.0,-0.0,-0.0,0.0
t571,-0.0,0.850824669852554,0.0,0.850824669852554
t572,-0.0,0.850824669852554,-0.0,0.850824669852554
t573,-0.0,0.850824669852554,-0.0,0.850824669852554
t574,-0.0,0.850824669852554,-0.0,0.850824669852554
t575,-0.0,0.850824669852554,-0.0,0.850824669852554
t576,-0.0,0.850824669852554,-0.0,0.850824669852554
t577,-0.0,0.850824669852554,-0.0,0.850824669852554
t578,-0.0,0.850824669852554,-0.0,0.850824669852554
t579,-0.0,0.850824669852554,-0.0,0.850824669852554
t580,-0.0,0.850824669852554,-0.0,0.850824669852554
t581,-0.0,0.850824669852554,-0.0,0.850824669852554
t582,-0.0,0.850824669852554,-0.0,0.850824669852554
t583,-0.0,0.850824669852554,-0.0,0.850824669852554
t584,-0.0,-0.0,-0.0,0.0
t585,-0.0,-0.0,-0.0,0.0
t586,-0.0,0.0,-0.0,0.0
t587,-0.0,-0.0,-0.0,0.0
t588,-0.0,-0.0,-0.0,0.0
t589,-0.0,-0.0,-0.0,0.0
t590,-0.0,-0.0,-0.0,0.0
t591,-0.0,-0.0,-0.0,0.0
t592,-0.0,-0.0,-0.0,0.0
t593,-0.0,-0.0,-0.0,0.0
t594,-0.0,-0.0,-0.0,0.0
t595,-0.0,-0.0,-0.0,0.0
t596,-0.0,-0.0,-0.0,0.0
t597,-0.0,-0.0,-0.0,0.0
t598,-0.0,-0.0,-0.0,0.0
t599,-0.0,-0.0,-0.0,0.0
t600,-0.0,-0.0,-0.0,0.0
t601,-0.0,-0.0,-0.0,0.0
t602,-0.0,-0.0,-0.0,0.0
t603,-0.0,-0.0,-0.0,0.0
t604,-0.0,-0.0,-0.0,0.0
t605,-0.0,-0.0,-0.0,0.0
t606,-0.0,-0.0,-0.0,0.0
t607,-0.0,-0.0,-0.0,0.0
t608,-0.0,-0.0,-0.0,0.0
t609,-0.0,-0.0,-0.0,0.0
t610,-0.0,-0.0,-0.0,0.0
t611,-0.0,-0.0,-0.0,0.0
t612,-0.0,-0.0,-0.0,0.0
t613,-0.0,-0.0,-0.0,0.0
t614,-0.0,-0.0,-0.0,0.0
t615,-0.0,-0.0,-0.0,0.0
t616,-0.0,-0.0,-0.0,0.0
t617,-0.0,-0.0,-0.0,0.0
t618,-0.0,-0.0,-0.0,0.0
t619,-0.0,-0.0,-0.0,0.0
t620,-0.0,-0.0,-0.0,0.0
t621,-0.0,-0.0,-0.0,0.0
t622,-0.0,-0.0,-0.0,0.0
t623,-0.0,-0.0,-0.0,0.0
t624,-0.0,-0.0,-0.0,0.0
t625,-0.0,-0.0,-0.0,0.0
t626,-0.0,-0.0,-0.0,0.0
t627,-0.0,-0.0,-0.0,0.0
t628,0.0,-0.0,-0.0,0.0
t629,-0.0,0.0,-0.0,0.0
t630,-0.0,-0.0,-0.0,0.0
t631,-0.0,-0.0,-0.0,0.0
t632,-0.0,-0.0,-0.0,0.0
t633,-0.0,-0.0,-0.0,0.0
t634,-0.0,-0.0,-0.0,0.0
t635,-0.0,-0.0,-0.0,0.0
t636,-0.0,-0.0,-0.0,0.0
t637,-0.0,-0.0,-0.0,0.0
t638,-0.0,-0.0,-0.0,0.0
t639,-0.0,-0.0,-0.0,0.0
t640,-0.0,-0.0,-0.0,0.0
t641,-0.0,-0.0,-0.0,0.0
t642,-0.0,-0.0,-0.0,0.0
t643,-0.0,-0.0,-0.0,0.0
t644,-0.0,-0.0,-0.0,0.0
t645,-0.0,-0.0,-0.0,0.0
t646,-0.0,0.0,-0.0,0.0
t647,-0.0,-0.0,-0.0,0.0
t648,-0.0,-0.0,-0.0,0.0
t649,-0.0,-0.0,-0.0,0.0
t650,-0.0,0.0,-0.0,0.0
t651,-0.0,-0.0,-0.0,0.0
t652,-0.0,-0.0,-0.0,0.0
t653,-0.0,-0.0,-0.0,0.0
t654,-0.0,-0.0,-0.0,0.0
t655,-0.0,-0.0,-0.0,0.0
t656,-0.0,-0.0,-0.0,0.0
t657,-0.0,-0.0,-0.0,0.0
t658,-0.0,-0.0,-0.0,0.0
t659,-0.0,-0.0,-0.0,0.0
t660,-0.0,-0.0,-0.0,0.0
t661,-0.0,-0.0,-0.0,0.0
t662,-0.0,-0.0,-0.0,0.0
t663,-0.0,-0.0,-0.0,0.0
t664,-0.0,-0.0,-0.0,0.0
t665,-0.0,-0.0,-0.0,0.0
t666,-0.0,-0.0,-0.0,0.0
t667,-0.0,-0.0,-0.0,0.0
t668,-0.0,-0.0,-0.0,0.0
t669,-0.0,-0.0,-0.0,0.0
t670,-0.0,-0.0,-0.0,0.0
t671,-0.0,-0.0,-0.0,0.0
t672,-0.0,-0.0,-0.0,0.0
t673,-0.0,-0.0,-0.0,0.0
t674,-0.0,-0.0,-0.0,0.0
t675,-0.0,-0.0,-0.0,0.0
t676,-0.0,-0.0,-0.0,0.0
t677,-0.0,-0.0,-0.0,0.0
t678,-0.0,-0.0,-0.0,0.0
t679,-0.0,-0.0,-0.0,0.0
t680,-0.0,-0.0,-0.0,0.0
t681,-0.0,-0.0,-0.0,0.0
t682,-0.0,-0.0,-0.0,0.0
t683,-0.0,-0.0,-0.0,0.0
t684,-0.0,-0.0,-0.0,0.0
t685,-0.0,-0.0,-0.0,0.0
t686,-0.0,-0.0,-0.0,0.0
t687,-0.0,-0.0,-0.0,0.0
t688,-0.0,-0.0,-0.0,0.0
t689,-0.0,-0.0,-0.0,0.0
t690,-0.0,-0.0,-0.0,0.0
t691,-0.0,-0.0,-0.0,0.0
t692,-0.0,-0.0,-0.0,0.0
t693,-0.0,-0.0,-0.0,0.0
t694,-0.0,-0.0,-0.0,0.0
t695,-0.0,-0.0,-0.0,0.0
t696,-0.0,-0.0,-0.0,0.0
t697,-0.0,-0.0,-0.0,0.0
t698,-0.0,-0.0,-0.0,0.0
t699,-0.0,-0.0,-0.0,0.0
t700,-0.0,-0.0,-0.0,0.0
t701,-0.0,-0.0,-0.0,0.0
t702,-0.0,-0.0,-0.0,0.0
t703,-0.0,-0.0,-0.0,0.0
t704,-0.0,-0.0,-0.0,0.0
t705,-0.0,-0.0,-0.0,0.0
t706,-0.0,-0.0,-0.0,0.0
t707,-0.0,-0.0,-0.0,0.0
t708,-0.0,-0.0,-0.0,0.0
t709,-0.0,-0.0,-0.0,0.0
t710,-0.0,-0.0,-0.0,0.0
t711,-0.0,-0.0,-0.0,0.0
t712,-0.0,-0.0,-0.0,0.0
t713,-0.0,-0.0,-0.0,0.0
t714,-0.0,-0.0,-0.0,0.0
t715,-0.0,-0.0,-0.0,0.0
t716,-0.0,3.059915171479968,-0.0,3.059915171479968
t717,-0.0,3.059915171479968,-0.0,3.059915171479968
t718,-0.0,3.059915171479968,-0.0,3.059915171479968
t719,-0.0,3.059915171479968,-0.0,3.059915171479968
t720,-0.0,3.059915171479968,-0.0,3.059915171479968
t721,-0.0,3.059915171479968,-0.0,3.059915171479968
t722,-0.0,3.059915171479968,-0.0,3.059915171479968
t723,-0.0,3.059915171479968,-0.0,3.059915171479968
t724,-0.0,3.059915171479968,-0.0,3.059915171479968
t725,-0.0,3.059915171479968,-0.0,3.059915171479968
t726,-0.0,3.059915171479968,-0.0,3.059915171479968
t727,-0.0,3.059915171479968,-0.0,3.059915171479968
t728,-0.0,3.059915171479968,-0.0,3.059915171479968
t729,-0.0,3.059915171479968,-0.0,3.059915171479968
t730,-0.0,3.059915171479968,-0.0,3.059915171479968
t731,-0.0,3.059915171479968,-0.0,3.059915171479968
t732,-0.0,3.059915171479968,-0.0,3.059915171479968
t733,-0.0,3.059915171479968,-0.0,3.059915171479968
t734,-0.0,3.059915171479968,-0.0,3.059915171479968
t735,-0.0,3.059915171479968,-0.0,3.059915171479968
t736,-0.0,3.059915171479968,-0.0,3.059915171479968
t737,1.810463081918171,3.059915171479968,-0.0,4.8703782533981395
t738,1.8104630819181713,3.059915171479968,-0.0,4.8703782533981395
t739,1.8104630819181713,3.059915171479968,-0.0,4.8703782533981395
t740,1.8104630819181713,3.059915171479968,-0.0,4.8703782533981395
t741,1.8104630819181713,3.059915171479968,-0.0,4.8703782533981395
t742,1.8104630819181713,3.059915171479968,-0.0,4.8703782533981395
t743,1.8104630819181713,3.059915171479968,-0.0,4.8703782533981395
t744,1.8104630819181713,3.059915171479968,-0.0,4.8703782533981395
t745,-0.0,-0.0,-0.0,0.0
t746,-0.0,-0.0,-0.0,0.0
t747,-0.0,-0.0,-0.0,0.0
t748,-0.0,0.0,-0.0,0.0
t749,-0.0,-0.0,-0.0,0.0
t750,-0.0,-0.0,-0.0,0.0
t751,-0.0,-0.0,-0.0,0.0
t752,-0.0,-0.0,-0.0,0.0
t753,-0.0,-0.0,-0.0,0.0
t754,-0.0,-0.0,-0.0,0.0
t755,-0.0,-0.0,-0.0,0.0
t756,-0.0,-0.0,-0.0,0.0
t757,-0.0,-0.0,-0.0,0.0
t758,-0.0,0.0,-0.0,0.0
t759,-0.0,-0.0,-0.0,0.0
t760,-0.0,-0.0,-0.0,0.0
t761,-0.0,-0.0,-0.0,0.0
t762,2.372611296454987,-0.0,-0.0,2.372611296454987
t763,2.372611296454987,-0.0,-0.0,2.372611296454987
t764,2.372611296454987,-0.0,-0.0,2.372611296454987
t765,2.372611296454987,-0.0,-0.0,2.372611296454987
t766,2.372611296454987,-0.0,-0.0,2.372611296454987
t767,2.372611296454987,-0.0,-0.0,2.372611296454987
t768,2.372611296454987,-0.0,-0.0,2.372611296454987
t769,2.372611296454987,-0.0,-0.0,2.372611296454987
t770,2.372611296454987,-0.0,-0.0,2.372611296454987
t771,2.372611296454987,-0.0,-0.0,2.372611296454987
t772,2.372611296454987,-0.0,-0.0,2.372611296454987
t773,2.372611296454987,-0.0,-0.0,2.372611296454987
t774,-0.0,-0.0,-0.0,0.0
t775,-0.0,-0.0,-0.0,0.0
t776,-0.0,-0.0,-0.0,0.0
t777,-0.0,-0.0,-0.0,0.0
t778,-0.0,-0.0,-0.0,0.0
t779,-0.0,-0.0,-0.0,0.0
t780,-0.0,-0.0,-0.0,0.0
t781,-0.0,-0.0,-0.0,0.0
t782,-0.0,-0.0,-0.0,0.0
t783,-0.0,-0.0,-0.0,0.0
t784,-0.0,-0.0,-0.0,0.0
t785,-0.0,-0.0,-0.0,0.0
t786,0.4563987487605489,-0.0,1.6545687830584164,2.1109675318189653
t787,0.4563987487605489,-0.0,1.6545687830584164,2.1109675318189653
t788,0.4563987487605489,-0.0,1.6545687830584164,2.1109675318189653
t789,0.4563987487605489,-0.0,1.6545687830584164,2.1109675318189653
t790,0.4563987487605489,-0.0,1.6545687830584164,2.1109675318189653
t791,0.4563987487605489,-0.0,1.6545687830584164,2.1109675318189653
t792,0.4563987487605489,-0.0,1.6545687830584164,2.1109675318189653
t793,0.4563987487605489,-0.0,1.6545687830584164,2.1109675318189653
t794,0.4563987487605489,-0.0,1.6545687830584164,2.1109675318189653
t795,0.4563987487605489,-0.0,1.6545687830584164,2.1109675318189653
t796,0.4563987487605489,-0.0,1.6545687830584164,2.1109675318189653
t797,0.4563987487605489,-0.0,1.6545687830584164,2.1109675318189653
t798,-0.0,-0.0,1.2566345187785442,1.2566345187785442
t799,-0.0,-0.0,1.2566345187785442,1.2566345187785442
t800,-0.0,-0.0,1.2566345187785442,1.2566345187785442
t801,-0.0,-0.0,-0.0,0.0
t802,0.0,-0.0,-0.0,0.0
t803,-0.0,-0.0,-0.0,0.0
t804,-0.0,-0.0,-0.0,0.0
t805,-0.0,-0.0,-0.0,0.0
t806,-0.0,-0.0,-0.0,0.0
t807,-0.0,-0.0,-0.0,0.0
t808,-0.0,-0.0,-0.0,0.0
t809,-0.0,-0.0,-0.0,0.0
t810,0.0,-0.0,-0.0,0.0
t811,-0.0,-0.0,-0.0,0.0
t812,0.4804707760798748,-0.0,2.2241063626963617,2.7045771387762367
t813,0.4804707760798748,-0.0,2.2241063626963617,2.7045771387762367
t814,0.4804707760798748,-0.0,2.2241063626963617,2.7045771387762367
t815,0.4804707760798748,-0.0,2.2241063626963617,2.7045771387762367
t816,0.4804707760798748,-0.0,2.2241063626963617,2.7045771387762367
t817,0.4804707760798748,-0.0,2.2241063626963617,2.7045771387762367
t818,0.4804707760798748,-0.0,2.2241063626963617,2.7045771387762367
t819,0.4804707760798748,-0.0,2.2241063626963617,2.7045771387762367
t820,0.4804707760798748,-0.0,2.2241063626963617,2.7045771387762367
t821,0.4804707760798748,-0.0,2.2241063626963617,2.7045771387762367
t822,0.4804707760798748,-0.0,2.2241063626963617,2.7045771387762367
t823,0.4804707760798748,-0.0,2.2241063626963617,2.7045771387762367
t824,-0.0,-0.0,-0.0,0.0
t825,0.0,-0.0,-0.0,0.0
t826,-0.0,-0.0,-0.0,0.0
t827,-0.0,-0.0,-0.0,0.0
t828,-0.0,-0.0,-0.0,0.0
t829,-0.0,-0.0,-0.0,0.0
t830,-0.0,-0.0,-0.0,0.0
t831,-0.0,-0.0,-0.0,0.0
t832,-0.0,-0.0,-0.0,0.0
t833,-0.0,-0.0,-0.0,0.0
t834,-0.0,-0.0,-0.0,0.0
t835,-0.0,-0.0,-0.0,0.0
t836,-0.0,-0.0,-0.0,0.0
t837,-0.0,-0.0,-0.0,0.0
t838,-0.0,-0.0,-0.0,0.0
t839,-0.0,-0.0,-0.0,0.0
t840,-0.0,-0.0,-0.0,0.0
t841,12.366365835404945,-0.0,2.2241063626963617,14.590472198101306
t842,12.366365835404945,-0.0,2.2241063626963617,14.590472198101306
t843,12.366365835404945,-0.0,2.2241063626963617,14.590472198101306
t844,12.366365835404945,-0.0,2.2241063626963617,14.590472198101306
t845,12.366365835404945,-0.0,2.2241063626963617,14.590472198101306
t846,12.366365835404945,-0.0,2.2241063626963617,14.590472198101306
t847,12.366365835404945,-0.0,2.2241063626963617,14.590472198101306
t848,12.366365835404945,-0.0,2.2241063626963617,14.590472198101306
t849,12.366365835404945,-0.0,2.2241063626963617,14.590472198101306
t850,12.366365835404945,-0.0,2.2241063626963617,14.590472198101306
t851,12.366365835404945,-0.0,2.2241063626963617,14.590472198101306
t852,12.366365835404945,-0.0,2.2241063626963617,14.590472198101306
t853,12.366365835404945,-0.0,2.2241063626963617,14.590472198101306
t854,12.366365835404945,-0.0,2.2241063626963617,14.590472198101306
t855,12.366365835404945,-0.0,2.2241063626963617,14.590472198101306
t856,12.366365835404945,-0.0,2.2241063626963617,14.590472198101306
t857,28.028149527363087,-0.0,2.2241063626963617,30.25225589005945
t858,28.028149527363087,-0.0,2.2241063626963617,30.25225589005945
t859,32.96242843734933,0.09293212599695984,2.2241063626963617,35.27946692604265
t860,32.96242843734933,0.09293212599695984,2.2241063626963617,35.27946692604265
t861,32.96242843734933,0.09293212599695984,2.2241063626963617,35.27946692604265
t862,32.96242843734933,0.09293212599695984,2.2241063626963617,35.27946692604265
t863,32.96242843734933,0.09293212599695984,2.2241063626963617,35.27946692604265
t864,32.96242843734933,0.09293212599695984,2.2241063626963617,35.27946692604265
t865,28.169333362265856,0.05227432087328991,2.2241063626963617,30.44571404583551
t866,28.169333362265856,-0.0,2.2241063626963617,30.393439724962217
t867,28.169333362265856,-0.0,2.2241063626963617,30.393439724962217
t868,28.169333362265856,-0.0,2.2241063626963617,30.393439724962217
t869,28.169333362265856,-0.0,2.2241063626963617,30.393439724962217
t870,28.169333362265856,-0.0,2.2241063626963617,30.393439724962217
t871,28.169333362265856,-0.0,2.2241063626963617,30.393439724962217
t872,28.169333362265856,-0.0,2.2241063626963617,30.393439724962217
t873,16.255294665679212,-0.0,2.2241063626963617,18.479401028375573
t874,15.55664274443804,-0.0,2.2241063626963617,17.7807491071344
t875,15.55664274443804,-0.0,2.2241063626963617,17.7807491071344
t876,15.55664274443804,-0.0,2.2241063626963617,17.7807491071344
t877,15.55664274443804,-0.0,2.2241063626963617,17.7807491071344
t878,15.55664274443804,-0.0,2.2241063626963617,17.7807491071344
t879,15.55664274443804,-0.0,2.2241063626963617,17.7807491071344
t880,15.55664274443804,-0.0,2.2241063626963617,17.7807491071344
t881,15.55664274443804,-0.0,2.2241063626963617,17.7807491071344
t882,15.55664274443804,-0.0,2.2241063626963617,17.7807491071344
t883,15.55664274443804,-0.0,2.2241063626963617,17.7807491071344
t884,15.55664274443804,-0.0,2.2241063626963617,17.7807491071344
t885,15.55664274443804,-0.0,2.2241063626963617,17.7807491071344
t886,15.55664274443804,-0.0,0.5347407234259316,16.09138346786397
t887,15.55664274443804,-0.0,-0.0,15.55664274443804
t888,15.55664274443804,-0.0,-0.0,15.55664274443804
t889,14.51424579758724,-0.0,-0.0,14.51424579758724
t890,14.51424579758724,-0.0,-0.0,14.51424579758724
t891,14.51424579758724,-0.0,-0.0,14.51424579758724
t892,14.51424579758724,-0.0,-0.0,14.51424579758724
t893,14.51424579758724,-0.0,-0.0,14.51424579758724
t894,14.51424579758724,-0.0,-0.0,14.51424579758724
t895,14.51424579758724,-0.0,-0.0,14.51424579758724
t896,14.51424579758724,-0.0,-0.0,14.51424579758724
t897,14.51424579758724,-0.0,-0.0,14.51424579758724
t898,14.51424579758724,-0.0,-0.0,14.51424579758724
t899,14.51424579758724,-0.0,-0.0,14.51424579758724
t900,14.51424579758724,-0.0,-0.0,14.51424579758724
t901,14.51424579758724,-0.0,-0.0,14.51424579758724
t902,14.51424579758724,-0.0,-0.0,14.51424579758724
t903,14.51424579758724,-0.0,-0.0,14.51424579758724
t904,14.51424579758724,4.732353594167886,-0.0,19.246599391755126
t905,14.51424579758724,8.413073056298465,-0.0,22.927318853885705
t906,14.51424579758724,8.413073056298465,-0.0,22.927318853885705
t907,14.51424579758724,8.413073056298465,-0.0,22.927318853885705
t908,14.51424579758724,8.413073056298465,-0.0,22.927318853885705
t909,14.51424579758724,8.413073056298465,-0.0,22.927318853885705
t910,14.51424579758724,8.413073056298465,-0.0,22.927318853885705
t911,14.51424579758724,8.413073056298465,-0.0,22.927318853885705
t912,14.51424579758724,8.413073056298465,-0.0,22.927318853885705
t913,14.51424579758724,8.413073056298465,-0.0,22.927318853885705
t914,14.51424579758724,8.413073056298465,-0.0,22.927318853885705
t915,14.51424579758724,8.413073056298465,-0.0,22.927318853885705
t916,7.881064089031098,8.413073056298465,-0.0,16.294137145329564
t917,7.881064089031098,8.413073056298465,-0.0,16.294137145329564
t918,7.881064089031098,8.413073056298465,-0.0,16.294137145329564
t919,7.881064089031098,8.413073056298465,-0.0,16.294137145329564
t920,7.881064089031098,8.413073056298465,-0.0,16.294137145329564
t921,7.881064089031098,8.413073056298465,-0.0,16.294137145329564
t922,7.881064089031098,8.413073056298465,-0.0,16.294137145329564
t923,7.881064089031098,8.413073056298465,-0.0,16.294137145329564
t924,7.881064089031098,8.413073056298465,-0.0,16.294137145329564
t925,7.881064089031098,8.413073056298465,-0.0,16.294137145329564
t926,7.881064089031098,8.413073056298465,-0.0,16.294137145329564
t927,7.881064089031098,8.413073056298465,-0.0,16.294137145329564
t928,7.881064089031098,8.413073056298465,-0.0,16.294137145329564
t929,7.881064089031098,8.413073056298465,-0.0,16.294137145329564
t930,18.050276890963506,8.413073056298465,-0.0,26.46334994726197
t931,18.050276890963506,8.413073056298465,-0.0,26.46334994726197
t932,18.050276890963506,8.413073056298465,-0.0,26.46334994726197
t933,18.050276890963506,8.413073056298465,-0.0,26.46334994726197
t934,18.050276890963506,8.413073056298465,-0.0,26.46334994726197
t935,18.050276890963506,8.413073056298465,-0.0,26.46334994726197
t936,18.050276890963506,8.413073056298465,-0.0,26.46334994726197
t937,18.050276890963506,8.413073056298465,-0.0,26.46334994726197
t938,13.216362541226182,8.413073056298465,-0.0,21.629435597524648
t939,13.216362541226182,8.413073056298465,-0.0,21.629435597524648
t940,13.216362541226182,8.413073056298465,-0.0,21.629435597524648
t941,13.216362541226182,8.413073056298465,-0.0,21.629435597524648
t942,13.216362541226182,8.413073056298465,-0.0,21.629435597524648
t943,13.216362541226182,8.413073056298465,2.2241063626963617,23.85354196022101
t944,13.216362541226182,8.413073056298465,2.2241063626963617,23.85354196022101
t945,13.216362541226182,8.413073056298465,2.2241063626963617,23.85354196022101
t946,13.216362541226182,8.413073056298465,2.2241063626963617,23.85354196022101
t947,13.216362541226182,8.413073056298465,2.2241063626963617,23.85354196022101
t948,13.216362541226182,8.413073056298465,2.2241063626963617,23.85354196022101
t949,13.216362541226182,8.413073056298465,2.2241063626963617,23.85354196022101
t950,13.216362541226182,8.413073056298465,2.2241063626963617,23.85354196022101
t951,13.216362541226182,8.413073056298465,2.2241063626963617,23.85354196022101
t952,13.216362541226182,8.413073056298465,2.2241063626963617,23.85354196022101
t953,13.216362541226182,8.413073056298465,2.2241063626963617,23.85354196022101
t954,13.216362541226182,8.413073056298465,2.2241063626963617,23.85354196022101
t955,13.216362541226182,8.413073056298465,2.2241063626963617,23.85354196022101
t956,13.216362541226182,8.413073056298465,2.2241063626963617,23.85354196022101
t957,13.216362541226182,8.413073056298465,2.2241063626963617,23.85354196022101
t958,13.216362541226182,8.413073056298465,2.2241063626963617,23.85354196022101
t959,13.216362541226182,8.413073056298465,2.2241063626963617,23.85354196022101
t960,13.216362541226182,8.413073056298465,2.2241063626963617,23.85354196022101
t961,13.216362541226182,8.413073056298465,2.2241063626963617,23.85354196022101
t962,13.216362541226182,8.413073056298465,2.2241063626963617,23.85354196022101
t963,13.216362541226182,8.413073056298465,2.2241063626963617,23.85354196022101
t964,13.216362541226182,6.79367533232187,2.2241063626963617,22.23414423624441
t965,13.216362541226182,6.79367533232187,2.2241063626963617,22.23414423624441
t966,13.216362541226182,6.79367533232187,2.2241063626963617,22.23414423624441
t967,13.216362541226182,6.79367533232187,2.2241063626963617,22.23414423624441
t968,13.216362541226182,6.79367533232187,2.2241063626963617,22.23414423624441
t969,-0.0,2.0750110192174023,-0.0,2.0750110192174023
t970,-0.0,2.0750110192174023,-0.0,2.0750110192174023
t971,-0.0,2.0750110192174023,-0.0,2.0750110192174023
t972,-0.0,2.0750110192174023,-0.0,2.0750110192174023
t973,-0.0,2.0750110192174023,-0.0,2.0750110192174023
t974,-0.0,2.0750110192174023,-0.0,2.0750110192174023
t975,-0.0,2.0750110192174023,-0.0,2.0750110192174023
t976,-0.0,2.0750110192174023,-0.0,2.0750110192174023
t977,-0.0,2.0750110192174023,-0.0,2.0750110192174023
t978,2.800084727777765,3.8045803157462004,-0.0,6.6046650435239656
t979,2.800084727777765,3.8045803157462004,-0.0,6.6046650435239656
t980,2.800084727777765,3.8045803157462004,-0.0,6.6046650435239656
t981,2.800084727777765,3.8045803157462004,0.0,6.6046650435239656
t982,2.800084727777765,3.8045803157462004,-0.0,6.6046650435239656
t983,2.800084727777765,3.8045803157462004,-0.0,6.6046650435239656
t984,2.800084727777765,3.8045803157462004,-0.0,6.6046650435239656
t985,2.800084727777765,3.8045803157462004,-0.0,6.6046650435239656
t986,2.800084727777765,3.8045803157462004,-0.0,6.6046650435239656
t987,2.800084727777765,3.8045803157462004,-0.0,6.6046650435239656
t988,2.800084727777765,3.8045803157462004,-0.0,6.6046650435239656
t989,2.800084727777765,3.8045803157462004,-0.0,6.6046650435239656
t990,2.800084727777765,3.8045803157462004,-0.0,6.6046650435239656
t991,2.800084727777765,3.8045803157462004,-0.0,6.6046650435239656
t992,-0.0,-0.0,-0.0,0.0
t993,-0.0,-0.0,-0.0,0.0
t994,-0.0,-0.0,-0.0,0.0
t995,-0.0,-0.0,-0.0,0.0
t996,-0.0,-0.0,-0.0,0.0
t997,-0.0,-0.0,-0.0,0.0
t998,-0.0,-0.0,-0.0,0.0
t999,-0.0,-0.0,-0.0,0.0
t1000,-0.0,-0.0,-0.0,0.0
t1001,-0.0,-0.0,-0.0,0.0
t1002,-0.0,-0.0,-0.0,0.0
t1003,5.368507930729007,-0.0,-0.0,5.368507930729007
t1004,9.988118915811963,-0.0,-0.0,9.988118915811963
t1005,9.988118915811963,-0.0,-0.0,9.988118915811963
t1006,9.988118915811961,-0.0,-0.0,9.988118915811961
t1007,10.514448092985203,-0.0,-0.0,10.514448092985203
t1008,10.514448092985203,-0.0,-0.0,10.514448092985203
t1009,11.72361190856083,5.541642107060279,2.2241063626963617,19.48936037831747
t1010,11.72361190856083,5.541642107060279,2.2241063626963617,19.48936037831747
t1011,11.72361190856083,5.541642107060279,2.2241063626963617,19.48936037831747
t1012,11.72361190856083,5.541642107060279,2.2241063626963617,19.48936037831747
t1013,11.72361190856083,5.541642107060279,2.2241063626963617,19.48936037831747
t1014,11.72361190856083,5.541642107060279,2.2241063626963617,19.48936037831747
t1015,11.72361190856083,5.541642107060279,2.2241063626963617,19.48936037831747
t1016,11.72361190856083,5.541642107060279,2.2241063626963617,19.48936037831747
t1017,11.72361190856083,5.541642107060279,2.2241063626963617,19.48936037831747
t1018,11.72361190856083,5.541642107060279,2.2241063626963617,19.48936037831747
t1019,11.72361190856083,5.541642107060279,2.2241063626963617,19.48936037831747
t1020,11.72361190856083,5.541642107060279,2.2241063626963617,19.48936037831747
t1021,11.72361190856083,5.541642107060279,2.2241063626963617,19.48936037831747
t1022,11.72361190856083,5.541642107060279,2.2241063626963617,19.48936037831747
t1023,11.72361190856083,5.541642107060279,2.2241063626963617,19.48936037831747
t1024,11.72361190856083,5.541642107060279,2.2241063626963617,19.48936037831747
t1025,11.72361190856083,5.541642107060278,2.2241063626963617,19.48936037831747
t1026,11.72361190856083,5.541642107060279,2.2241063626963617,19.48936037831747
t1027,11.72361190856083,5.541642107060279,2.2241063626963617,19.48936037831747
t1028,11.72361190856083,5.541642107060279,2.2241063626963617,19.48936037831747
t1029,11.72361190856083,5.541642107060279,2.2241063626963617,19.48936037831747
t1030,11.72361190856083,5.541642107060279,2.2241063626963617,19.48936037831747
t1031,11.72361190856083,5.541642107060279,2.2241063626963617,19.48936037831747
t1032,11.72361190856083,5.541642107060279,2.2241063626963617,19.48936037831747
t1033,11.72361190856083,5.541642107060279,2.2241063626963617,19.48936037831747
t1034,11.72361190856083,5.541642107060279,2.2241063626963617,19.48936037831747
t1035,11.72361190856083,5.541642107060279,2.2241063626963617,19.48936037831747
t1036,11.72361190856083,5.541642107060279,2.2241063626963617,19.48936037831747
t1037,11.72361190856083,5.541642107060279,2.2241063626963617,19.48936037831747
t1038,11.72361190856083,5.541642107060279,2.2241063626963617,19.48936037831747
t1039,11.72361190856083,5.541642107060279,2.2241063626963617,19.48936037831747
t1040,0.6476787080670021,-0.0,1.689194705845338,2.33687341391234
t1041,-0.0,-0.0,-0.0,0.0
t1042,-0.0,-0.0,-0.0,0.0
t1043,-0.0,-0.0,-0.0,0.0
t1044,-0.0,-0.0,-0.0,0.0
t1045,-0.0,-0.0,-0.0,0.0
t1046,-0.0,-0.0,-0.0,0.0
t1047,-0.0,-0.0,-0.0,0.0
t1048,-0.0,-0.0,-0.0,0.0
t1049,15.60120850353225,6.305798963614229,2.2241063626963617,24.13111382984284
t1050,15.60120850353225,8.413073056298465,2.2241063626963617,26.238387922527075
t1051,15.60120850353225,8.413073056298465,2.2241063626963617,26.238387922527075
t1052,15.60120850353225,8.413073056298465,2.2241063626963617,26.238387922527075
t1053,15.60120850353225,8.413073056298465,2.2241063626963617,26.238387922527075
t1054,15.60120850353225,8.413073056298465,2.2241063626963617,26.238387922527075
t1055,15.60120850353225,8.413073056298465,2.2241063626963617,26.238387922527075
t1056,15.60120850353225,8.413073056298465,2.2241063626963617,26.238387922527075
t1057,15.60120850353225,8.413073056298465,2.2241063626963617,26.238387922527075
t1058,15.60120850353225,8.413073056298465,2.2241063626963617,26.238387922527075
t1059,15.60120850353225,8.413073056298465,2.2241063626963617,26.238387922527075
t1060,15.60120850353225,8.413073056298465,2.2241063626963617,26.238387922527075
t1061,15.60120850353225,8.413073056298465,2.2241063626963617,26.238387922527075
t1062,15.60120850353225,8.413073056298465,2.2241063626963617,26.238387922527075
t1063,15.60120850353225,8.413073056298465,2.2241063626963617,26.238387922527075
t1064,15.60120850353225,8.413073056298465,2.2241063626963617,26.238387922527075
t1065,3.2715466030083986,8.413073056298465,2.2241063626963617,13.908726022003226
t1066,3.2715466030083986,8.413073056298465,2.2241063626963617,13.908726022003226
t1067,3.2715466030083986,8.413073056298465,2.2241063626963617,13.908726022003226
t1068,3.2715466030083986,8.413073056298465,2.2241063626963617,13.908726022003226
t1069,3.2715466030083986,8.413073056298465,2.2241063626963617,13.908726022003226
t1070,3.2715466030083986,8.413073056298465,2.2241063626963617,13.908726022003226
t1071,3.2715466030083986,8.413073056298465,2.2241063626963617,13.908726022003226
t1072,3.2715466030083986,8.413073056298465,2.2241063626963617,13.908726022003226
t1073,3.2715466030083986,8.413073056298465,2.2241063626963617,13.908726022003226
t1074,3.2715466030083986,8.413073056298465,2.2241063626963617,13.908726022003226
t1075,3.2715466030083986,8.413073056298465,2.2241063626963617,13.908726022003226
t1076,3.2715466030083986,8.413073056298465,2.2241063626963617,13.908726022003226
t1077,3.2715466030083986,8.413073056298465,-0.0,11.684619659306865
t1078,3.2715466030083986,8.413073056298465,-0.0,11.684619659306865
t1079,3.271546603008399,8.413073056298465,-0.0,11.684619659306865
t1080,-0.0,8.413073056298465,-0.0,8.413073056298465
t1081,-0.0,8.413073056298465,-0.0,8.413073056298465
t1082,-0.0,8.413073056298465,-0.0,8.413073056298465
t1083,-0.0,8.413073056298465,-0.0,8.413073056298465
t1084,-0.0,8.413073056298465,-0.0,8.413073056298465
t1085,-0.0,8.413073056298465,-0.0,8.413073056298465
t1086,-0.0,8.413073056298465,-0.0,8.413073056298465
t1087,-0.0,8.413073056298465,-0.0,8.413073056298465
t1088,-0.0,8.413073056298465,-0.0,8.413073056298465
t1089,-0.0,8.413073056298465,-0.0,8.413073056298465
t1090,-0.0,8.413073056298465,-0.0,8.413073056298465
t1091,-0.0,8.413073056298465,-0.0,8.413073056298465
t1092,-0.0,8.413073056298465,-0.0,8.413073056298465
t1093,-0.0,8.413073056298465,-0.0,8.413073056298465
t1094,-0.0,8.413073056298465,-0.0,8.413073056298465
t1095,-0.0,8.413073056298465,-0.0,8.413073056298465
t1096,-0.0,8.413073056298465,-0.0,8.413073056298465
t1097,0.5174112648086625,8.413073056298465,0.5958341051083038,9.526318426215433
t1098,14.599756288933852,8.413073056298465,0.7845149050592666,23.797344250291587
t1099,14.599756288933852,8.413073056298465,0.7845149050592666,23.797344250291587
t1100,14.599756288933852,8.413073056298465,0.7845149050592666,23.797344250291587
t1101,14.599756288933852,8.413073056298465,0.7845149050592666,23.797344250291587
t1102,14.599756288933852,8.413073056298465,0.7845149050592666,23.797344250291587
t1103,14.599756288933852,8.413073056298465,0.7845149050592666,23.797344250291587
t1104,14.599756288933852,8.413073056298465,0.7845149050592666,23.797344250291587
t1105,14.599756288933852,8.413073056298465,0.7845149050592666,23.797344250291587
t1106,14.599756288933852,8.413073056298465,0.7845149050592666,23.797344250291587
t1107,14.599756288933852,8.413073056298465,0.7845149050592666,23.797344250291587
t1108,14.599756288933852,8.413073056298465,2.2241063626963613,25.23693570792868
t1109,14.599756288933852,8.413073056298465,2.2241063626963617,25.23693570792868
t1110,14.599756288933852,8.413073056298465,2.2241063626963617,25.23693570792868
t1111,14.599756288933852,8.413073056298465,2.2241063626963617,25.23693570792868
t1112,14.599756288933852,8.413073056298465,2.2241063626963617,25.23693570792868
t1113,14.599756288933852,8.413073056298465,2.2241063626963617,25.23693570792868
t1114,14.599756288933852,8.413073056298465,2.2241063626963617,25.23693570792868
t1115,14.599756288933852,8.413073056298465,2.2241063626963617,25.23693570792868
t1116,14.599756288933852,8.413073056298465,2.2241063626963617,25.23693570792868
t1117,14.599756288933852,8.413073056298465,2.2241063626963617,25.23693570792868
t1118,14.599756288933852,8.413073056298465,2.2241063626963617,25.23693570792868
t1119,14.599756288933852,8.413073056298465,2.2241063626963617,25.23693570792868
t1120,20.0680505682347,8.413073056298465,2.2241063626963617,30.705229987229526
t1121,20.0680505682347,8.413073056298465,2.2241063626963617,30.705229987229526
t1122,20.0680505682347,8.413073056298465,2.2241063626963617,30.705229987229526
t1123,20.0680505682347,8.413073056298465,2.2241063626963617,30.705229987229526
t1124,20.0680505682347,8.413073056298465,2.2241063626963617,30.705229987229526
t1125,20.0680505682347,8.413073056298465,2.2241063626963617,30.705229987229526
t1126,20.0680505682347,8.413073056298465,2.2241063626963617,30.705229987229526
t1127,20.0680505682347,8.413073056298465,2.2241063626963617,30.705229987229526
t1128,20.0680505682347,8.413073056298465,2.2241063626963617,30.705229987229526
t1129,20.0680505682347,8.413073056298465,2.2241063626963617,30.705229987229526
t1130,20.0680505682347,8.413073056298465,2.2241063626963617,30.705229987229526
t1131,20.0680505682347,8.413073056298465,2.2241063626963617,30.705229987229526
t1132,20.0680505682347,8.413073056298465,2.2241063626963617,30.705229987229526
t1133,20.0680505682347,8.413073056298465,2.2241063626963617,30.705229987229526
t1134,20.0680505682347,8.413073056298465,2.2241063626963617,30.705229987229526
t1135,20.0680505682347,8.413073056298465,2.2241063626963617,30.705229987229526
t1136,20.0680505682347,7.244186429335966,2.2241063626963617,29.536343360267026
t1137,7.053271021344291,7.244186429335966,2.2241063626963617,16.52156381337662
t1138,-0.0,7.244186429335966,-0.0,7.244186429335966
t1139,-0.0,7.244186429335966,-0.0,7.244186429335966
t1140,-0.0,7.244186429335966,-0.0,7.244186429335966
t1141,-0.0,7.244186429335966,-0.0,7.244186429335966
t1142,-0.0,7.244186429335966,-0.0,7.244186429335966
t1143,-0.0,7.244186429335966,-0.0,7.244186429335966
t1144,-0.0,7.244186429335966,-0.0,7.244186429335966
t1145,-0.0,7.244186429335966,-0.0,7.244186429335966
t1146,-0.0,7.244186429335965,-0.0,7.244186429335965
t1147,-0.0,7.244186429335966,-0.0,7.244186429335966
t1148,-0.0,7.244186429335966,-0.0,7.244186429335966
t1149,-0.0,7.244186429335966,-0.0,7.244186429335966
t1150,-0.0,7.244186429335966,-0.0,7.244186429335966
t1151,-0.0,7.244186429335966,-0.0,7.244186429335966
t1152,-0.0,7.244186429335966,-0.0,7.244186429335966
t1153,-0.0,7.244186429335966,-0.0,7.244186429335966
t1154,-0.0,7.244186429335966,-0.0,7.244186429335966
t1155,-0.0,7.244186429335966,-0.0,7.244186429335966
t1156,-0.0,7.244186429335966,-0.0,7.244186429335966
t1157,-0.0,7.244186429335966,-0.0,7.244186429335966
t1158,-0.0,7.244186429335966,-0.0,7.244186429335966
t1159,-0.0,7.244186429335966,-0.0,7.244186429335966
t1160,-0.0,-0.0,-0.0,0.0
t1161,-0.0,-0.0,-0.0,0.0
t1162,-0.0,-0.0,-0.0,0.0
t1163,-0.0,-0.0,-0.0,0.0
t1164,-0.0,-0.0,-0.0,0.0
t1165,-0.0,-0.0,-0.0,0.0
t1166,-0.0,-0.0,-0.0,0.0
t1167,-0.0,-0.0,-0.0,0.0
t1168,-0.0,-0.0,-0.0,0.0
t1169,-0.0,-0.0,-0.0,0.0
t1170,11.72361190856083,5.541642107060279,-0.0,17.26525401562111
t1171,11.72361190856083,5.541642107060279,-0.0,17.26525401562111
t1172,11.72361190856083,5.541642107060279,-0.0,17.26525401562111
t1173,11.72361190856083,5.541642107060279,-0.0,17.26525401562111
t1174,11.72361190856083,5.541642107060279,-0.0,17.26525401562111
t1175,11.72361190856083,5.541642107060278,-0.0,17.26525401562111
t1176,11.72361190856083,5.541642107060279,-0.0,17.26525401562111
t1177,30.7693238861285,1.959192098014229,2.2241063626963617,34.95262234683909
t1178,30.7693238861285,1.959192098014229,2.2241063626963617,34.95262234683909
t1179,30.7693238861285,1.959192098014229,2.2241063626963617,34.95262234683909
t1180,30.7693238861285,1.959192098014229,2.2241063626963617,34.95262234683909
t1181,30.7693238861285,1.959192098014229,2.2241063626963617,34.95262234683909
t1182,30.7693238861285,1.959192098014229,2.2241063626963617,34.95262234683909
t1183,30.7693238861285,1.959192098014229,2.2241063626963617,34.95262234683909
t1184,30.7693238861285,1.959192098014229,2.2241063626963617,34.95262234683909
t1185,5.888966808754579,-0.0,1.689194705845338,7.578161514599917
t1186,-0.0,0.0,-0.0,0.0
t1187,-0.0,-0.0,0.0,0.0
t1188,-0.0,-0.0,-0.0,0.0
t1189,-0.0,-0.0,-0.0,0.0
t1190,-0.0,-0.0,-0.0,0.0
t1191,-0.0,-0.0,-0.0,0.0
t1192,-0.0,0.0,-0.0,0.0
t1193,-0.0,-0.0,-0.0,0.0
t1194,-0.0,-0.0,-0.0,0.0
t1195,0.0,-0.0,-0.0,0.0
t1196,-0.0,-0.0,-0.0,0.0
t1197,0.0,-0.0,-0.0,0.0
t1198,-0.0,-0.0,-0.0,0.0
t1199,-0.0,-0.0,-0.0,0.0
t1200,-0.0,-0.0,-0.0,0.0
t1201,-0.0,-0.0,-0.0,0.0
t1202,-0.0,-0.0,-0.0,0.0
t1203,-0.0,-0.0,-0.0,0.0
t1204,-0.0,-0.0,-0.0,0.0
t1205,-0.0,-0.0,-0.0,0.0
t1206,-0.0,-0.0,-0.0,0.0
t1207,-0.0,-0.0,-0.0,0.0
t1208,-0.0,-0.0,-0.0,0.0
t1209,-0.0,-0.0,-0.0,0.0
t1210,-0.0,-0.0,-0.0,0.0
t1211,-0.0,-0.0,-0.0,0.0
t1212,-0.0,-0.0,-0.0,0.0
t1213,-0.0,-0.0,-0.0,0.0
t1214,-0.0,-0.0,0.0,0.0
t1215,-0.0,-0.0,-0.0,0.0
t1216,-0.0,-0.0,-0.0,0.0
t1217,26.80933951027035,-0.0,-0.0,26.80933951027035
t1218,26.80933951027035,-0.0,-0.0,26.80933951027035
t1219,26.80933951027035,-0.0,-0.0,26.80933951027035
t1220,26.80933951027035,0.0,-0.0,26.80933951027035
t1221,26.80933951027035,-0.0,0.2665238226072342,27.07586333287758
t1222,26.80933951027035,-0.0,0.26652382260723406,27.07586333287758
t1223,26.80933951027035,-0.0,0.26652382260723406,27.07586333287758
t1224,26.80933951027035,-0.0,0.26652382260723406,27.07586333287758
t1225,26.80933951027035,-0.0,0.26652382260723406,27.07586333287758
t1226,26.80933951027035,-0.0,0.26652382260723406,27.07586333287758
t1227,26.80933951027035,-0.0,0.26652382260723406,27.07586333287758
t1228,26.80933951027035,-0.0,0.26652382260723406,27.07586333287758
t1229,26.80933951027035,-0.0,0.26652382260723406,27.07586333287758
t1230,26.80933951027035,-0.0,0.26652382260723406,27.07586333287758
t1231,26.80933951027035,-0.0,0.26652382260723406,27.07586333287758
t1232,26.80933951027035,-0.0,0.26652382260723406,27.07586333287758
t1233,17.041727160487763,-0.0,0.20242315641055753,17.24415031689832
t1234,-0.0,-0.0,-0.0,0.0
t1235,-0.0,-0.0,-0.0,0.0
t1236,-0.0,-0.0,-0.0,0.0
t1237,-0.0,-0.0,-0.0,0.0
t1238,-0.0,-0.0,-0.0,0.0
t1239,-0.0,-0.0,-0.0,0.0
t1240,17.05214928194803,-0.0,0.9710547186891151,18.023204000637143
t1241,31.14306377803392,5.241624667067757,1.2785553796073348,37.663243824709006
t1242,31.14306377803392,5.241624667067757,1.2785553796073348,37.663243824709006
t1243,31.14306377803392,5.241624667067757,1.2785553796073346,37.663243824709006
t1244,31.14306377803392,5.241624667067757,1.2785553796073348,37.663243824709006
t1245,31.14306377803392,5.241624667067757,2.2241063626963617,38.608794807798034
t1246,31.14306377803392,5.241624667067757,2.2241063626963617,38.608794807798034
t1247,31.14306377803392,5.241624667067757,2.2241063626963617,38.608794807798034
t1248,31.14306377803392,5.241624667067757,2.2241063626963617,38.608794807798034
t1249,31.14306377803392,5.241624667067757,2.2241063626963617,38.608794807798034
t1250,31.14306377803392,5.241624667067757,2.2241063626963617,38.608794807798034
t1251,31.14306377803392,5.241624667067757,2.2241063626963617,38.608794807798034
t1252,31.14306377803392,5.241624667067757,2.2241063626963617,38.608794807798034
t1253,31.14306377803392,5.241624667067757,2.2241063626963617,38.608794807798034
t1254,31.14306377803392,5.241624667067757,2.2241063626963617,38.608794807798034
t1255,31.14306377803392,5.241624667067757,2.2241063626963617,38.608794807798034
t1256,31.14306377803392,5.241624667067757,2.2241063626963617,38.608794807798034
t1257,31.14306377803392,5.241624667067757,2.2241063626963617,38.608794807798034
t1258,31.14306377803392,5.241624667067757,1.1764875340424308,37.5611759791441
t1259,31.14306377803392,5.241624667067757,1.1764875340424308,37.5611759791441
t1260,31.14306377803392,5.241624667067757,1.1764875340424308,37.5611759791441
t1261,31.14306377803392,5.241624667067757,1.1764875340424308,37.5611759791441
t1262,31.14306377803392,5.241624667067757,1.1764875340424308,37.5611759791441
t1263,31.14306377803392,5.241624667067757,1.176487534042431,37.5611759791441
t1264,31.14306377803392,5.241624667067757,1.176487534042431,37.5611759791441
t1265,32.96242843734933,6.57117461307871,2.2241063626963617,41.7577094131244
t1266,32.96242843734933,6.57117461307871,2.2241063626963617,41.7577094131244
t1267,32.96242843734933,6.57117461307871,2.2241063626963617,41.7577094131244
t1268,32.96242843734933,6.57117461307871,2.2241063626963617,41.7577094131244
t1269,32.96242843734933,6.57117461307871,2.2241063626963617,41.7577094131244
t1270,32.96242843734933,6.57117461307871,2.2241063626963617,41.7577094131244
t1271,32.96242843734933,6.57117461307871,2.2241063626963617,41.7577094131244
t1272,32.96242843734933,6.57117461307871,2.2241063626963617,41.7577094131244
t1273,32.96242843734933,6.57117461307871,2.2241063626963617,41.7577094131244
t1274,32.96242843734933,6.57117461307871,2.2241063626963617,41.7577094131244
t1275,32.96242843734933,6.57117461307871,2.2241063626963617,41.7577094131244
t1276,32.96242843734933,6.57117461307871,2.2241063626963617,41.7577094131244
t1277,32.96242843734933,6.57117461307871,2.2241063626963617,41.7577094131244
t1278,32.96242843734933,6.57117461307871,2.2241063626963617,41.7577094131244
t1279,32.96242843734933,6.57117461307871,2.2241063626963617,41.7577094131244
t1280,32.96242843734933,6.57117461307871,2.2241063626963617,41.7577094131244
t1281,31.19195294062512,6.57117461307871,2.2241063626963617,39.98723391640019
t1282,31.19195294062512,6.57117461307871,-0.0,37.76312755370383
t1283,31.19195294062512,6.57117461307871,-0.0,37.76312755370383
t1284,31.19195294062512,6.57117461307871,-0.0,37.76312755370383
t1285,31.19195294062512,6.57117461307871,-0.0,37.76312755370383
t1286,31.19195294062512,6.57117461307871,-0.0,37.76312755370383
t1287,31.19195294062512,6.57117461307871,-0.0,37.76312755370383
t1288,31.19195294062512,6.57117461307871,2.2241063626963617,39.98723391640019
t1289,31.19195294062512,6.57117461307871,2.2241063626963617,39.98723391640019
t1290,31.19195294062512,6.57117461307871,2.2241063626963617,39.98723391640019
t1291,31.19195294062512,6.57117461307871,2.2241063626963617,39.98723391640019
t1292,31.19195294062512,6.57117461307871,2.2241063626963617,39.98723391640019
t1293,31.19195294062512,6.57117461307871,2.2241063626963617,39.98723391640019
t1294,31.19195294062512,6.57117461307871,2.2241063626963617,39.98723391640019
t1295,31.19195294062512,6.57117461307871,2.2241063626963617,39.98723391640019
t1296,31.19195294062512,6.57117461307871,2.2241063626963617,39.98723391640019
t1297,31.19195294062512,6.57117461307871,2.2241063626963617,39.98723391640019
t1298,31.19195294062512,6.57117461307871,2.2241063626963617,39.98723391640019
t1299,31.19195294062512,6.57117461307871,2.2241063626963617,39.98723391640019
t1300,31.19195294062512,6.57117461307871,2.2241063626963617,39.98723391640019
t1301,31.19195294062512,6.57117461307871,2.2241063626963617,39.98723391640019
t1302,31.19195294062512,6.57117461307871,2.2241063626963617,39.98723391640019
t1303,31.19195294062512,6.57117461307871,2.2241063626963617,39.98723391640019
t1304,31.19195294062512,6.57117461307871,2.2241063626963617,39.98723391640019
t1305,9.049344114678444,-0.0,1.689194705845338,10.738538820523782
t1306,-0.0,-0.0,-0.0,0.0
t1307,-0.0,-0.0,-0.0,0.0
t1308,-0.0,-0.0,-0.0,0.0
t1309,-0.0,-0.0,-0.0,0.0
t1310,-0.0,-0.0,-0.0,0.0
t1311,-0.0,-0.0,-0.0,0.0
t1312,5.251041372743412,-0.0,1.689194705845338,6.94023607858875
t1313,32.96242843734933,1.959192098014229,2.2241063626963617,37.14572689805992
t1314,32.96242843734933,1.959192098014229,2.2241063626963617,37.14572689805992
t1315,32.96242843734933,1.959192098014229,2.2241063626963617,37.14572689805992
t1316,32.96242843734933,1.959192098014229,2.2241063626963617,37.14572689805992
t1317,32.96242843734933,1.959192098014229,2.2241063626963617,37.14572689805992
t1318,32.96242843734933,1.959192098014229,2.2241063626963617,37.14572689805992
t1319,32.96242843734933,1.959192098014229,2.2241063626963617,37.14572689805992
t1320,32.96242843734933,1.959192098014229,2.2241063626963617,37.14572689805992
t1321,32.96242843734933,1.959192098014229,2.2241063626963617,37.14572689805992
t1322,32.96242843734933,1.959192098014229,2.2241063626963617,37.14572689805992
t1323,32.96242843734933,1.959192098014229,2.2241063626963617,37.14572689805992
t1324,32.96242843734933,1.959192098014229,2.2241063626963617,37.14572689805992
t1325,32.96242843734933,1.959192098014229,2.2241063626963617,37.14572689805992
t1326,32.96242843734933,1.959192098014229,2.2241063626963617,37.14572689805992
t1327,32.96242843734933,1.959192098014229,2.2241063626963617,37.14572689805992
t1328,32.96242843734933,1.959192098014229,2.2241063626963617,37.14572689805992
t1329,7.4180737824845515,1.959192098014229,1.689194705845338,11.06646058634412
t1330,3.319722882188631,1.959192098014229,-0.0,5.27891498020286
t1331,3.319722882188631,1.959192098014229,-0.0,5.27891498020286
t1332,3.319722882188631,1.959192098014229,-0.0,5.27891498020286
t1333,3.319722882188631,1.959192098014229,-0.0,5.27891498020286
t1334,3.319722882188631,1.959192098014229,-0.0,5.27891498020286
t1335,3.319722882188631,1.959192098014229,-0.0,5.27891498020286
t1336,20.92535326854687,1.959192098014229,1.689194705845338,24.573740072406437
t1337,30.7693238861285,1.959192098014229,2.2241063626963617,34.95262234683909
t1338,30.7693238861285,1.959192098014229,2.2241063626963617,34.95262234683909
t1339,30.7693238861285,1.959192098014229,2.2241063626963617,34.95262234683909
t1340,30.7693238861285,1.959192098014229,2.2241063626963617,34.95262234683909
t1341,30.7693238861285,1.959192098014229,2.2241063626963617,34.95262234683909
t1342,30.7693238861285,1.959192098014229,2.2241063626963617,34.95262234683909
t1343,30.7693238861285,1.959192098014229,2.2241063626963617,34.95262234683909
t1344,30.7693238861285,1.959192098014229,2.2241063626963617,34.95262234683909
t1345,26.542699572411877,3.387305936678203,-0.0,29.93000550909008
t1346,26.542699572411877,3.3873059366782035,-0.0,29.93000550909008
t1347,26.542699572411877,3.3873059366782035,-0.0,29.93000550909008
t1348,26.542699572411877,3.3873059366782035,-0.0,29.93000550909008
t1349,26.542699572411877,3.3873059366782035,-0.0,29.93000550909008
t1350,26.542699572411877,3.3873059366782035,-0.0,29.93000550909008
t1351,26.542699572411877,3.3873059366782035,-0.0,29.93000550909008
t1352,26.542699572411877,3.3873059366782035,-0.0,29.93000550909008
t1353,16.662194873063203,-0.0,-0.0,16.662194873063203
t1354,-0.0,-0.0,-0.0,0.0
t1355,-0.0,-0.0,-0.0,0.0
t1356,-0.0,-0.0,-0.0,0.0
t1357,0.0,-0.0,-0.0,0.0
t1358,-0.0,-0.0,0.0,0.0
t1359,-0.0,-0.0,-0.0,0.0
t1360,-0.0,-0.0,-0.0,0.0
t1361,32.96242843734933,8.413073056298465,2.2241063626963617,43.59960785634416
t1362,32.96242843734933,8.413073056298465,2.2241063626963617,43.59960785634416
t1363,32.96242843734933,8.413073056298465,2.2241063626963617,43.59960785634416
t1364,32.96242843734933,8.413073056298465,2.2241063626963617,43.59960785634416
t1365,32.96242843734933,8.413073056298465,2.2241063626963617,43.59960785634416
t1366,32.96242843734933,8.413073056298465,2.2241063626963617,43.59960785634416
t1367,32.96242843734933,8.413073056298465,2.2241063626963617,43.59960785634416
t1368,32.96242843734933,8.413073056298465,2.2241063626963617,43.59960785634416
t1369,32.96242843734933,8.413073056298465,2.2241063626963617,43.59960785634416
t1370,32.96242843734933,8.413073056298465,2.2241063626963617,43.59960785634416
t1371,32.96242843734933,8.413073056298465,2.2241063626963617,43.59960785634416
t1372,32.96242843734933,8.413073056298465,2.2241063626963617,43.59960785634416
t1373,32.96242843734933,8.413073056298465,2.2241063626963617,43.59960785634416
t1374,32.96242843734933,8.413073056298465,2.2241063626963617,43.59960785634416
t1375,32.96242843734933,8.413073056298465,2.2241063626963617,43.59960785634416
t1376,32.96242843734933,8.413073056298465,2.2241063626963617,43.59960785634416
t1377,32.96242843734933,8.413073056298465,2.2241063626963617,43.59960785634416
t1378,32.96242843734933,8.413073056298465,2.2241063626963617,43.59960785634416
t1379,32.96242843734933,8.413073056298465,2.2241063626963617,43.59960785634416
t1380,32.96242843734933,8.413073056298465,2.2241063626963617,43.59960785634416
t1381,32.96242843734933,8.413073056298465,2.2241063626963617,43.59960785634416
t1382,32.96242843734933,8.413073056298465,2.2241063626963617,43.59960785634416
t1383,32.96242843734933,8.413073056298465,2.2241063626963617,43.59960785634416
t1384,32.96242843734933,8.413073056298465,2.2241063626963617,43.59960785634416
t1385,32.96242843734933,8.413073056298465,2.2241063626963617,43.59960785634416
t1386,32.96242843734933,8.413073056298465,2.2241063626963617,43.59960785634416
t1387,32.96242843734933,8.413073056298465,2.2241063626963617,43.59960785634416
t1388,32.96242843734933,8.413073056298465,2.2241063626963617,43.59960785634416
t1389,32.96242843734933,8.413073056298465,2.2241063626963617,43.59960785634416
t1390,32.96242843734933,8.413073056298465,2.2241063626963617,43.59960785634416
t1391,32.96242843734933,8.413073056298465,2.2241063626963617,43.59960785634416
t1392,32.96242843734933,8.413073056298465,2.2241063626963617,43.59960785634416
t1393,32.96242843734933,8.413073056298465,2.2241063626963617,43.59960785634416
t1394,32.96242843734933,8.413073056298465,2.2241063626963617,43.59960785634416
t1395,32.96242843734933,8.413073056298465,2.2241063626963617,43.59960785634416
t1396,32.96242843734933,8.413073056298465,2.2241063626963617,43.59960785634416
t1397,32.96242843734933,8.413073056298465,2.2241063626963617,43.59960785634416
t1398,32.96242843734933,8.413073056298465,2.2241063626963617,43.59960785634416
t1399,32.96242843734933,8.413073056298465,2.2241063626963617,43.59960785634416
t1400,32.96242843734933,8.413073056298465,2.2241063626963617,43.59960785634416
t1401,32.96242843734933,6.300338828036481,2.2241063626963617,41.48687362808217
t1402,32.96242843734933,6.300338828036481,2.2241063626963617,41.48687362808217
t1403,32.96242843734933,6.300338828036481,2.2241063626963617,41.48687362808217
t1404,32.96242843734933,6.300338828036481,2.2241063626963617,41.48687362808217
t1405,32.96242843734933,6.300338828036481,2.2241063626963617,41.48687362808217
t1406,32.96242843734933,6.300338828036481,2.2241063626963617,41.48687362808217
t1407,32.96242843734933,6.300338828036481,2.2241063626963617,41.48687362808217
t1408,32.96242843734933,6.300338828036481,2.2241063626963617,41.48687362808217
t1409,32.96242843734933,6.300338828036481,2.2241063626963617,41.48687362808217
t1410,32.96242843734933,6.300338828036481,2.2241063626963617,41.48687362808217
t1411,32.96242843734933,6.300338828036481,2.2241063626963617,41.48687362808217
t1412,32.96242843734933,6.300338828036481,2.2241063626963617,41.48687362808217
t1413,32.96242843734933,6.300338828036481,2.2241063626963617,41.48687362808217
t1414,32.96242843734933,6.300338828036481,2.2241063626963617,41.48687362808217
t1415,32.96242843734933,6.300338828036481,2.2241063626963617,41.48687362808217
t1416,32.96242843734933,6.300338828036481,2.2241063626963617,41.48687362808217
t1417,32.96242843734933,6.300338828036481,2.2241063626963617,41.48687362808217
t1418,32.96242843734933,6.300338828036481,2.2241063626963617,41.48687362808217
t1419,32.96242843734933,6.300338828036481,-0.0,39.26276726538581
t1420,32.96242843734933,6.300338828036481,-0.0,39.26276726538581
t1421,32.96242843734933,6.300338828036481,-0.0,39.26276726538581
t1422,32.96242843734933,6.300338828036481,-0.0,39.26276726538581
t1423,32.96242843734933,6.300338828036481,-0.0,39.26276726538581
t1424,32.96242843734933,6.300338828036481,-0.0,39.26276726538581
t1425,18.541365996009,0.7645448531440158,-0.0,19.305910849153015
t1426,-0.0,-0.0,-0.0,0.0
t1427,-0.0,-0.0,-0.0,0.0
t1428,-0.0,-0.0,-0.0,0.0
t1429,-0.0,-0.0,-0.0,0.0
t1430,-0.0,-0.0,-0.0,0.0
t1431,-0.0,-0.0,-0.0,0.0
t1432,-0.0,-0.0,-0.0,0.0
t1433,30.220976808910592,-0.0,-0.0,30.220976808910592
t1434,30.220976808910592,-0.0,-0.0,30.220976808910592
t1435,30.220976808910592,-0.0,-0.0,30.220976808910592
t1436,30.220976808910592,-0.0,-0.0,30.220976808910592
t1437,30.220976808910592,-0.0,-0.0,30.220976808910592
t1438,30.220976808910592,-0.0,-0.0,30.220976808910592
t1439,30.220976808910592,-0.0,-0.0,30.220976808910592
t1440,30.220976808910592,-0.0,-0.0,30.220976808910592
t1441,30.220976808910592,-0.0,-0.0,30.220976808910592
t1442,30.220976808910592,-0.0,-0.0,30.220976808910592
t1443,30.220976808910592,-0.0,-0.0,30.220976808910592
t1444,30.220976808910592,-0.0,-0.0,30.220976808910592
t1445,30.220976808910592,-0.0,-0.0,30.220976808910592
t1446,30.220976808910592,-0.0,-0.0,30.220976808910592
t1447,30.220976808910592,-0.0,-0.0,30.220976808910592
t1448,30.220976808910592,-0.0,-0.0,30.220976808910592
t1449,30.220976808910592,-0.0,-0.0,30.220976808910592
t1450,30.220976808910592,-0.0,-0.0,30.220976808910592
t1451,30.220976808910592,-0.0,-0.0,30.220976808910592
t1452,30.220976808910592,-0.0,-0.0,30.220976808910592
t1453,30.220976808910592,-0.0,-0.0,30.220976808910592
t1454,30.220976808910592,-0.0,-0.0,30.220976808910592
t1455,30.220976808910592,-0.0,-0.0,30.220976808910592
t1456,30.220976808910592,3.2523758280541797,2.2241063626963617,35.69745899966113
t1457,32.96242843734933,3.2523758280541797,2.2241063626963617,38.43891062809987
t1458,32.96242843734933,3.2523758280541797,2.2241063626963617,38.43891062809987
t1459,32.96242843734933,3.2523758280541797,2.2241063626963617,38.43891062809987
t1460,32.96242843734933,3.2523758280541797,2.2241063626963617,38.43891062809987
t1461,32.96242843734933,3.2523758280541797,2.2241063626963617,38.43891062809987
t1462,32.96242843734933,3.2523758280541797,2.2241063626963617,38.43891062809987
t1463,32.96242843734933,3.2523758280541797,2.2241063626963617,38.43891062809987
t1464,32.96242843734933,3.2523758280541797,2.2241063626963617,38.43891062809987
t1465,32.96242843734933,3.2523758280541797,2.2241063626963617,38.43891062809987
t1466,32.96242843734933,3.2523758280541797,2.2241063626963617,38.43891062809987
t1467,32.96242843734933,3.2523758280541797,2.2241063626963617,38.43891062809987
t1468,32.96242843734933,3.2523758280541797,2.2241063626963617,38.43891062809987
t1469,32.96242843734933,3.2523758280541797,2.2241063626963617,38.43891062809987
t1470,32.96242843734933,3.2523758280541797,2.2241063626963617,38.43891062809987
t1471,32.96242843734933,3.2523758280541797,2.2241063626963617,38.43891062809987
t1472,32.96242843734933,3.2523758280541797,2.2241063626963617,38.43891062809987
t1473,32.96242843734933,3.2523758280541797,2.2241063626963617,38.43891062809987
t1474,32.96242843734933,3.2523758280541797,2.2241063626963617,38.43891062809987
t1475,32.96242843734933,3.2523758280541797,2.2241063626963617,38.43891062809987
t1476,32.96242843734933,3.2523758280541797,2.2241063626963617,38.43891062809987
t1477,32.96242843734933,3.2523758280541797,2.2241063626963617,38.43891062809987
t1478,32.96242843734933,3.2523758280541797,2.2241063626963617,38.43891062809987
t1479,32.96242843734933,3.2523758280541797,2.2241063626963617,38.43891062809987
t1480,32.96242843734933,3.2523758280541797,2.2241063626963617,38.43891062809987
t1481,32.96242843734933,3.3873059366782035,2.2241063626963617,38.573840736723895
t1482,32.96242843734933,3.3873059366782035,2.2241063626963617,38.573840736723895
t1483,32.96242843734933,3.3873059366782035,2.2241063626963617,38.573840736723895
t1484,32.96242843734933,3.3873059366782035,2.2241063626963617,38.573840736723895
t1485,32.96242843734933,3.3873059366782035,2.2241063626963617,38.573840736723895
t1486,32.96242843734933,3.3873059366782035,2.2241063626963617,38.573840736723895
t1487,32.96242843734933,3.3873059366782035,2.2241063626963617,38.573840736723895
t1488,32.96242843734933,3.3873059366782035,2.2241063626963617,38.573840736723895
t1489,32.96242843734933,3.3873059366782035,1.7270967053418413,38.07683107936938
t1490,32.96242843734933,3.3873059366782035,1.7270967053418413,38.07683107936938
t1491,32.96242843734933,3.3873059366782035,1.7270967053418413,38.07683107936938
t1492,32.96242843734933,3.3873059366782035,0.7352677159480635,37.085002089975596
t1493,32.96242843734933,3.3873059366782035,-0.0,36.349734374027534
t1494,32.96242843734933,3.3873059366782035,-0.0,36.349734374027534
t1495,32.96242843734933,3.3873059366782035,-0.0,36.349734374027534
t1496,32.96242843734933,3.3873059366782035,-0.0,36.349734374027534
t1497,32.96242843734933,3.3873059366782035,-0.0,36.349734374027534
t1498,26.542699572411877,3.3873059366782035,-0.0,29.93000550909008
t1499,26.542699572411877,3.3873059366782035,-0.0,29.93000550909008
t1500,26.542699572411877,3.3873059366782035,-0.0,29.93000550909008
t1501,26.542699572411877,3.3873059366782035,-0.0,29.93000550909008
t1502,26.542699572411877,3.3873059366782035,-0.0,29.93000550909008
t1503,26.542699572411877,3.387305936678203,-0.0,29.93000550909008
t1504,26.542699572411877,3.3873059366782035,-0.0,29.93000550909008
t1505,26.542699572411877,3.3873059366782035,-0.0,29.93000550909008
t1506,26.542699572411877,3.3873059366782035,-0.0,29.93000550909008
t1507,26.542699572411877,3.3873059366782035,-0.0,29.93000550909008
t1508,26.542699572411877,3.3873059366782035,-0.0,29.93000550909008
t1509,26.542699572411877,3.3873059366782035,-0.0,29.93000550909008
t1510,26.542699572411877,3.3873059366782035,0.0,29.93000550909008
t1511,26.542699572411877,3.3873059366782035,-0.0,29.93000550909008
t1512,26.542699572411877,3.387305936678203,-0.0,29.93000550909008
t1513,21.096844423621782,-0.0,-0.0,21.096844423621782
t1514,21.096844423621782,-0.0,-0.0,21.096844423621782
t1515,21.096844423621782,-0.0,-0.0,21.096844423621782
t1516,21.096844423621782,-0.0,-0.0,21.096844423621782
t1517,21.096844423621782,-0.0,-0.0,21.096844423621782
t1518,21.096844423621782,-0.0,-0.0,21.096844423621782
t1519,21.096844423621782,-0.0,-0.0,21.096844423621782
t1520,21.096844423621782,-0.0,-0.0,21.096844423621782
t1521,12.19525323416888,-0.0,-0.0,12.19525323416888
t1522,-0.0,-0.0,-0.0,0.0
t1523,-0.0,-0.0,-0.0,0.0
t1524,-0.0,-0.0,-0.0,0.0
t1525,-0.0,-0.0,-0.0,0.0
t1526,-0.0,-0.0,-0.0,0.0
t1527,-0.0,-0.0,-0.0,0.0
t1528,-0.0,5.435289053618407,-0.0,5.435289053618407
t1529,30.081494112358378,8.413073056298465,2.1750589397777214,40.669626108434564
t1530,30.081494112358378,8.413073056298465,2.1750589397777214,40.669626108434564
t1531,30.081494112358378,8.413073056298465,2.1750589397777214,40.669626108434564
t1532,30.081494112358378,8.413073056298465,2.1750589397777214,40.669626108434564
t1533,30.081494112358378,8.413073056298465,2.1750589397777214,40.669626108434564
t1534,30.081494112358378,8.413073056298465,2.1750589397777214,40.669626108434564
t1535,30.081494112358378,8.413073056298465,2.1750589397777214,40.669626108434564
t1536,30.081494112358378,8.413073056298465,2.1750589397777214,40.669626108434564
t1537,30.081494112358378,8.413073056298465,2.1750589397777214,40.669626108434564
t1538,30.081494112358378,8.413073056298465,2.1750589397777214,40.669626108434564
t1539,30.081494112358378,8.413073056298465,2.1750589397777214,40.669626108434564
t1540,30.081494112358378,8.413073056298465,2.1750589397777214,40.669626108434564
t1541,30.081494112358378,8.413073056298465,2.1750589397777214,40.669626108434564
t1542,30.081494112358378,8.413073056298465,2.1750589397777214,40.669626108434564
t1543,30.081494112358378,8.413073056298465,2.1750589397777214,40.669626108434564
t1544,30.081494112358378,8.413073056298465,2.1750589397777214,40.669626108434564
t1545,22.3755941664142,8.413073056298465,2.1750589397777214,32.96372616249039
t1546,22.3755941664142,8.413073056298465,-0.0,30.788667222712665
t1547,22.3755941664142,8.413073056298465,-0.0,30.788667222712665
t1548,22.3755941664142,8.413073056298465,-0.0,30.788667222712665
t1549,22.3755941664142,8.413073056298465,-0.0,30.788667222712665
t1550,22.3755941664142,8.413073056298465,-0.0,30.788667222712665
t1551,22.3755941664142,8.413073056298465,-0.0,30.788667222712665
t1552,22.3755941664142,8.413073056298465,-0.0,30.788667222712665
t1553,22.3755941664142,8.413073056298465,-0.0,30.788667222712665
t1554,22.3755941664142,8.413073056298465,-0.0,30.788667222712665
t1555,22.3755941664142,8.413073056298465,-0.0,30.788667222712665
t1556,22.3755941664142,8.413073056298465,-0.0,30.788667222712665
t1557,22.3755941664142,8.413073056298465,-0.0,30.788667222712665
t1558,22.3755941664142,8.413073056298465,-0.0,30.788667222712665
t1559,22.3755941664142,8.413073056298465,-0.0,30.788667222712665
t1560,22.3755941664142,8.413073056298465,-0.0,30.788667222712665
t1561,12.422004629700325,8.413073056298465,-0.0,20.83507768599879
t1562,11.834252665725163,8.413073056298465,-0.0,20.24732572202363
t1563,11.834252665725163,8.413073056298465,-0.0,20.24732572202363
t1564,11.834252665725163,8.413073056298465,-0.0,20.24732572202363
t1565,11.834252665725163,8.413073056298465,-0.0,20.24732572202363
t1566,11.834252665725163,8.413073056298465,-0.0,20.24732572202363
t1567,11.834252665725163,8.413073056298465,-0.0,20.24732572202363
t1568,11.834252665725163,8.413073056298465,-0.0,20.24732572202363
t1569,11.834252665725163,8.413073056298465,-0.0,20.24732572202363
t1570,-0.0,-0.0,-0.0,0.0
t1571,-0.0,-0.0,-0.0,0.0
t1572,-0.0,-0.0,-0.0,0.0
t1573,-0.0,-0.0,-0.0,0.0
t1574,-0.0,-0.0,-0.0,0.0
t1575,-0.0,-0.0,-0.0,0.0
t1576,-0.0,-0.0,-0.0,0.0
t1577,-0.0,-0.0,-0.0,0.0
t1578,-0.0,-0.0,-0.0,0.0
t1579,-0.0,-0.0,-0.0,0.0
t1580,-0.0,-0.0,-0.0,0.0
t1581,-0.0,-0.0,-0.0,0.0
t1582,-0.0,-0.0,-0.0,0.0
t1583,-0.0,-0.0,-0.0,0.0
t1584,-0.0,-0.0,-0.0,0.0
t1585,-0.0,-0.0,-0.0,0.0
t1586,-0.0,-0.0,-0.0,0.0
t1587,-0.0,-0.0,-0.0,0.0
t1588,-0.0,-0.0,-0.0,0.0
t1589,-0.0,-0.0,-0.0,0.0
t1590,-0.0,-0.0,-0.0,0.0
t1591,-0.0,-0.0,-0.0,0.0
t1592,-0.0,-0.0,-0.0,0.0
t1593,-0.0,-0.0,-0.0,0.0
t1594,-0.0,-0.0,-0.0,0.0
t1595,-0.0,-0.0,-0.0,0.0
t1596,-0.0,-0.0,-0.0,0.0
t1597,-0.0,-0.0,-0.0,0.0
t1598,-0.0,-0.0,-0.0,0.0
t1599,-0.0,-0.0,-0.0,0.0
t1600,-0.0,-0.0,-0.0,0.0
t1601,21.758012497678795,8.413073056298465,-0.0,30.17108555397726
t1602,21.758012497678795,8.413073056298465,-0.0,30.17108555397726
t1603,21.758012497678795,8.413073056298465,-0.0,30.17108555397726
t1604,21.758012497678795,8.413073056298465,-0.0,30.17108555397726
t1605,21.758012497678795,8.413073056298465,-0.0,30.17108555397726
t1606,21.758012497678795,8.413073056298465,-0.0,30.17108555397726
t1607,21.758012497678795,8.413073056298465,-0.0,30.17108555397726
t1608,12.729698411264826,-0.0,-0.0,12.729698411264826
t1609,-0.0,-0.0,-0.0,0.0
t1610,-0.0,-0.0,-0.0,0.0
t1611,-0.0,-0.0,-0.0,0.0
t1612,-0.0,-0.0,-0.0,0.0
t1613,-0.0,-0.0,-0.0,0.0
t1614,-0.0,-0.0,-0.0,0.0
t1615,-0.0,-0.0,-0.0,0.0
t1616,-0.0,-0.0,-0.0,0.0
t1617,-0.0,-0.0,-0.0,0.0
t1618,-0.0,-0.0,-0.0,0.0
t1619,-0.0,-0.0,-0.0,0.0
t1620,-0.0,-0.0,-0.0,0.0
t1621,-0.0,-0.0,-0.0,0.0
t1622,-0.0,-0.0,-0.0,0.0
t1623,-0.0,-0.0,-0.0,0.0
t1624,19.203166281490873,8.413073056298465,-0.0,27.616239337789338
t1625,19.203166281490873,8.413073056298465,-0.0,27.616239337789338
t1626,19.203166281490873,8.413073056298465,-0.0,27.616239337789338
t1627,23.028948040770683,8.413073056298465,1.9388131638038921,33.38083426087304
t1628,23.028948040770683,8.413073056298465,1.9388131638038921,33.38083426087304
t1629,23.028948040770683,8.413073056298465,1.9388131638038921,33.38083426087304
t1630,23.028948040770683,8.413073056298465,1.9388131638038921,33.38083426087304
t1631,23.028948040770683,8.413073056298465,1.9388131638038921,33.38083426087304
t1632,23.028948040770683,8.413073056298465,1.9388131638038921,33.38083426087304
t1633,23.028948040770683,8.413073056298465,1.9388131638038921,33.38083426087304
t1634,23.028948040770683,8.413073056298465,1.9388131638038921,33.38083426087304
t1635,23.028948040770683,8.413073056298465,1.9388131638038921,33.38083426087304
t1636,23.028948040770683,8.413073056298465,1.9388131638038921,33.38083426087304
t1637,23.028948040770683,8.413073056298465,1.9388131638038921,33.38083426087304
t1638,23.028948040770683,8.413073056298465,1.9388131638038921,33.38083426087304
t1639,23.028948040770683,8.413073056298465,1.9388131638038921,33.38083426087304
t1640,23.028948040770683,8.413073056298465,1.9388131638038921,33.38083426087304
t1641,23.028948040770683,8.413073056298465,1.9388131638038921,33.38083426087304
t1642,23.028948040770683,8.413073056298465,1.509674196845942,32.95169529391509
t1643,19.115610432097533,8.413073056298465,-0.0,27.528683488396
t1644,19.115610432097533,8.413073056298465,-0.0,27.528683488396
t1645,19.115610432097533,8.413073056298465,-0.0,27.528683488396
t1646,19.115610432097533,8.413073056298465,-0.0,27.528683488396
t1647,19.115610432097533,8.413073056298465,-0.0,27.528683488396
t1648,19.115610432097533,8.413073056298465,-0.0,27.528683488396
t1649,19.115610432097533,8.413073056298465,-0.0,27.528683488396
t1650,19.115610432097533,8.413073056298465,-0.0,27.528683488396
t1651,19.115610432097533,8.413073056298465,-0.0,27.528683488396
t1652,19.115610432097533,8.413073056298465,-0.0,27.528683488396
t1653,19.115610432097533,8.413073056298465,0.0,27.528683488396
t1654,18.341239878199513,8.413073056298465,-0.0,26.754312934497978
t1655,18.341239878199513,8.413073056298465,-0.0,26.754312934497978
t1656,5.602099528446896,4.443154207857627,-0.0,10.045253736304524
t1657,-0.0,-0.0,-0.0,0.0
t1658,-0.0,-0.0,-0.0,0.0
t1659,-0.0,-0.0,-0.0,0.0
t1660,-0.0,-0.0,-0.0,0.0
t1661,-0.0,-0.0,-0.0,0.0
t1662,-0.0,-0.0,-0.0,0.0
t1663,-0.0,-0.0,-0.0,0.0
t1664,-0.0,-0.0,-0.0,0.0
t1665,-0.0,-0.0,-0.0,0.0
t1666,-0.0,-0.0,-0.0,0.0
t1667,-0.0,-0.0,-0.0,0.0
t1668,-0.0,-0.0,-0.0,0.0
t1669,-0.0,-0.0,-0.0,0.0
t1670,-0.0,-0.0,-0.0,0.0
t1671,-0.0,-0.0,-0.0,0.0
t1672,13.747831362614834,-0.0,-0.0,13.747831362614834
t1673,22.643213368753138,-0.0,-0.0,22.643213368753138
t1674,22.643213368753138,-0.0,-0.0,22.643213368753138
t1675,22.643213368753138,-0.0,-0.0,22.643213368753138
t1676,22.643213368753138,-0.0,-0.0,22.643213368753138
t1677,22.643213368753138,-0.0,-0.0,22.643213368753138
t1678,22.643213368753138,-0.0,-0.0,22.643213368753138
t1679,21.096844423621782,-0.0,-0.0,21.096844423621782
t1680,21.096844423621782,-0.0,-0.0,21.096844423621782
t1681,-0.0,-0.0,-0.0,0.0
t1682,-0.0,-0.0,-0.0,0.0
t1683,-0.0,-0.0,-0.0,0.0
t1684,-0.0,-0.0,-0.0,0.0
t1685,-0.0,-0.0,-0.0,0.0
t1686,-0.0,-0.0,-0.0,0.0
t1687,-0.0,-0.0,-0.0,0.0
t1688,-0.0,-0.0,-0.0,0.0
t1689,-0.0,-0.0,-0.0,0.0
t1690,-0.0,-0.0,-0.0,0.0
t1691,-0.0,-0.0,-0.0,0.0
t1692,-0.0,-0.0,-0.0,0.0
t1693,-0.0,-0.0,-0.0,0.0
t1694,-0.0,-0.0,-0.0,0.0
t1695,-0.0,-0.0,-0.0,0.0
t1696,-0.0,-0.0,-0.0,0.0
t1697,1.3560000000000016,0.0,-0.0,1.3560000000000016
t1698,1.3560000000000016,-0.0,-0.0,1.3560000000000016
t1699,1.3560000000000016,-0.0,-0.0,1.3560000000000016
t1700,1.3560000000000016,0.0,-0.0,1.3560000000000016
t1701,1.3560000000000016,-0.0,-0.0,1.3560000000000016
t1702,1.3560000000000016,-0.0,-0.0,1.3560000000000016
t1703,-0.0,-0.0,-0.0,0.0
t1704,-0.0,-0.0,-0.0,0.0
t1705,-0.0,-0.0,-0.0,0.0
t1706,-0.0,-0.0,-0.0,0.0
t1707,-0.0,-0.0,-0.0,0.0
t1708,-0.0,-0.0,-0.0,0.0
t1709,-0.0,-0.0,-0.0,0.0
t1710,-0.0,-0.0,-0.0,0.0
t1711,-0.0,-0.0,-0.0,0.0
t1712,-0.0,-0.0,-0.0,0.0
t1713,-0.0,-0.0,-0.0,0.0
t1714,-0.0,-0.0,-0.0,0.0
t1715,-0.0,-0.0,-0.0,0.0
t1716,-0.0,-0.0,-0.0,0.0
t1717,-0.0,-0.0,-0.0,0.0
t1718,-0.0,-0.0,-0.0,0.0
t1719,2.545679483656855,1.1013300334324434,-0.0,3.647009517089298
t1720,2.5632656097916247,8.413073056298465,-0.0,10.97633866609009
t1721,4.694256051966002,8.413073056298465,-0.0,13.107329108264468
t1722,4.694256051966002,8.413073056298465,-0.0,13.107329108264468
t1723,4.694256051966002,8.413073056298465,-0.0,13.107329108264468
t1724,4.694256051966002,8.413073056298465,-0.0,13.107329108264468
t1725,2.148576568309147,7.311743022866022,-0.0,9.46031959117517
t1726,2.1309904421743773,-0.0,-0.0,2.1309904421743773
t1727,-0.0,-0.0,-0.0,0.0
t1728,-0.0,-0.0,-0.0,0.0
t1729,-0.0,-0.0,-0.0,0.0
t1730,-0.0,-0.0,-0.0,0.0
t1731,-0.0,-0.0,-0.0,0.0
t1732,-0.0,-0.0,-0.0,0.0
t1733,-0.0,-0.0,-0.0,0.0
t1734,-0.0,-0.0,-0.0,0.0
t1735,-0.0,-0.0,-0.0,0.0
t1736,-0.0,-0.0,-0.0,0.0
t1737,-0.0,-0.0,-0.0,0.0
t1738,-0.0,-0.0,-0.0,0.0
t1739,-0.0,-0.0,-0.0,0.0
t1740,-0.0,-0.0,-0.0,0.0
t1741,-0.0,-0.0,-0.0,0.0
t1742,-0.0,-0.0,-0.0,0.0
t1743,-0.0,-0.0,0.0,0.0
t1744,-0.0,-0.0,-0.0,0.0
t1745,4.892277775971014,-0.0,-0.0,4.892277775971014
t1746,4.892277775971014,-0.0,-0.0,4.892277775971014
t1747,4.892277775971014,-0.0,-0.0,4.892277775971014
t1748,4.892277775971014,-0.0,-0.0,4.892277775971014
t1749,4.892277775971014,-0.0,-0.0,4.892277775971014
t1750,4.892277775971014,-0.0,-0.0,4.892277775971014
t1751,-0.0,-0.0,-0.0,0.0
t1752,-0.0,-0.0,-0.0,0.0
t1753,-0.0,-0.0,-0.0,0.0
t1754,-0.0,-0.0,-0.0,0.0
t1755,-0.0,-0.0,-0.0,0.0
t1756,-0.0,-0.0,-0.0,0.0
t1757,-0.0,-0.0,0.0,0.0
t1758,-0.0,-0.0,-0.0,0.0
t1759,0.06356219778501698,-0.0,-0.0,0.06356219778501698
t1760,0.0826308571205221,-0.0,-0.0,0.0826308571205221
t1761,0.0826308571205221,-0.0,-0.0,0.0826308571205221
t1762,0.0826308571205221,-0.0,-0.0,0.0826308571205221
t1763,0.0826308571205221,-0.0,-0.0,0.0826308571205221
t1764,0.0826308571205221,-0.0,-0.0,0.0826308571205221
t1765,0.0826308571205221,-0.0,-0.0,0.0826308571205221
t1766,0.0826308571205221,-0.0,-0.0,0.0826308571205221
t1767,0.0826308571205221,-0.0,-0.0,0.0826308571205221
t1768,11.40565900611043,3.1676218854235114,-0.0,14.57328089153394
t1769,14.82735670794356,3.1676218854235114,-0.0,17.994978593367073
t1770,14.744725850823038,3.1676218854235114,-0.0,17.91234773624655
t1771,14.744725850823038,3.167621885423511,-0.0,17.91234773624655
t1772,14.74472585082304,3.167621885423511,-0.0,17.912347736246552
t1773,14.74472585082304,3.167621885423511,-0.0,17.912347736246552
t1774,3.42169770183313,-0.0,-0.0,3.42169770183313
t1775,-0.0,-0.0,-0.0,0.0
t1776,-0.0,-0.0,-0.0,0.0
t1777,-0.0,-0.0,-0.0,0.0
t1778,-0.0,-0.0,-0.0,0.0
t1779,-0.0,-0.0,-0.0,0.0
t1780,-0.0,-0.0,-0.0,0.0
t1781,-0.0,-0.0,-0.0,0.0
t1782,-0.0,-0.0,-0.0,0.0
t1783,-0.0,-0.0,-0.0,0.0
t1784,-0.0,-0.0,-0.0,0.0
t1785,-0.0,-0.0,-0.0,0.0
t1786,-0.0,0.0,-0.0,0.0
t1787,-0.0,-0.0,-0.0,0.0
t1788,-0.0,-0.0,-0.0,0.0
t1789,-0.0,-0.0,-0.0,0.0
t1790,-0.0,-0.0,-0.0,0.0
t1791,-0.0,-0.0,-0.0,0.0
t1792,-0.0,-0.0,-0.0,0.0
t1793,-0.0,-0.0,-0.0,0.0
t1794,-0.0,-0.0,-0.0,0.0
t1795,-0.0,-0.0,-0.0,0.0
t1796,-0.0,-0.0,-0.0,0.0
t1797,-0.0,-0.0,-0.0,0.0
t1798,-0.0,-0.0,-0.0,0.0
t1799,-0.0,-0.0,-0.0,0.0
t1800,-0.0,-0.0,-0.0,0.0
t1801,-0.0,-0.0,-0.0,0.0
t1802,-0.0,-0.0,-0.0,0.0
t1803,-0.0,-0.0,-0.0,0.0
t1804,-0.0,0.0,-0.0,0.0
t1805,-0.0,-0.0,-0.0,0.0
t1806,-0.0,0.0,-0.0,0.0
t1807,-0.0,-0.0,-0.0,0.0
t1808,-0.0,-0.0,-0.0,0.0
t1809,-0.0,-0.0,-0.0,0.0
t1810,-0.0,-0.0,-0.0,0.0
t1811,-0.0,-0.0,-0.0,0.0
t1812,-0.0,-0.0,-0.0,0.0
t1813,-0.0,-0.0,-0.0,0.0
t1814,-0.0,-0.0,-0.0,0.0
t1815,-0.0,-0.0,-0.0,0.0
t1816,-0.0,-0.0,-0.0,0.0
t1817,-0.0,-0.0,-0.0,0.0
t1818,-0.0,-0.0,-0.0,0.0
t1819,-0.0,-0.0,-0.0,0.0
t1820,-0.0,-0.0,-0.0,0.0
t1821,-0.0,-0.0,-0.0,0.0
t1822,-0.0,-0.0,-0.0,0.0
t1823,-0.0,-0.0,-0.0,0.0
t1824,-0.0,-0.0,-0.0,0.0
t1825,-0.0,-0.0,-0.0,0.0
t1826,-0.0,-0.0,-0.0,0.0
t1827,-0.0,-0.0,-0.0,0.0
t1828,-0.0,-0.0,-0.0,0.0
t1829,-0.0,-0.0,-0.0,0.0
t1830,-0.0,-0.0,-0.0,0.0
t1831,-0.0,-0.0,-0.0,0.0
t1832,-0.0,-0.0,-0.0,0.0
t1833,-0.0,-0.0,-0.0,0.0
t1834,-0.0,-0.0,-0.0,0.0
t1835,-0.0,-0.0,-0.0,0.0
t1836,-0.0,-0.0,-0.0,0.0
t1837,-0.0,-0.0,-0.0,0.0
t1838,-0.0,-0.0,-0.0,0.0
t1839,-0.0,-0.0,-0.0,0.0
t1840,-0.0,-0.0,-0.0,0.0
t1841,-0.0,-0.0,-0.0,0.0
t1842,0.0,-0.0,-0.0,0.0
t1843,-0.0,-0.0,-0.0,0.0
t1844,-0.0,-0.0,-0.0,0.0
t1845,-0.0,-0.0,-0.0,0.0
t1846,-0.0,-0.0,-0.0,0.0
t1847,-0.0,-0.0,-0.0,0.0
t1848,-0.0,-0.0,-0.0,0.0
