Zone,1,2,3,Total
CO2_Price_1,479.7448896113957,0.0,0.0,0.0
CO2_Price_2,0.0,504.1961856103104,0.0,0.0
CO2_Price_3,0.0,0.0,260.54498481084096,0.0
AnnualSum,4.14069620342348e6,1.3110562839163516e6,601370.448289665,6.053122935629497e6
t1,0.0,0.0,0.0,0.0
t2,0.0,0.0,0.0,0.0
t3,0.0,0.0,0.0,0.0
t4,0.0,0.0,0.0,0.0
t5,0.0,0.0,0.0,0.0
t6,0.0,0.0,0.0,0.0
t7,0.0,0.0,0.0,0.0
t8,0.0,0.0,0.0,0.0
t9,0.0,0.0,0.0,0.0
t10,0.0,0.0,0.0,0.0
t11,0.0,0.0,0.0,0.0
t12,0.0,0.0,0.0,0.0
t13,0.0,0.0,0.0,0.0
t14,0.0,0.0,0.0,0.0
t15,0.0,0.0,0.0,0.0
t16,0.0,0.0,0.0,0.0
t17,0.0,0.0,0.0,0.0
t18,0.0,0.0,0.0,0.0
t19,0.0,0.0,0.0,0.0
t20,0.0,0.0,0.0,0.0
t21,0.0,0.0,0.0,0.0
t22,0.0,0.0,0.0,0.0
t23,0.0,0.0,0.0,0.0
t24,0.0,0.0,0.0,0.0
t25,0.0,0.0,0.0,0.0
t26,0.0,0.0,0.0,0.0
t27,0.0,0.0,0.0,0.0
t28,0.0,0.0,0.0,0.0
t29,0.0,0.0,0.0,0.0
t30,0.0,0.0,0.0,0.0
t31,0.0,0.0,0.0,0.0
t32,0.0,0.0,0.0,0.0
t33,0.0,0.0,0.0,0.0
t34,0.0,0.0,0.0,0.0
t35,0.0,0.0,0.0,0.0
t36,0.0,0.0,0.0,0.0
t37,0.0,0.0,0.0,0.0
t38,0.0,0.0,0.0,0.0
t39,0.0,0.0,0.0,0.0
t40,0.0,0.0,0.0,0.0
t41,0.0,0.0,0.0,0.0
t42,0.0,0.0,0.0,0.0
t43,0.0,0.0,0.0,0.0
t44,0.0,0.0,0.0,0.0
t45,0.0,0.0,0.0,0.0
t46,0.0,0.0,0.0,0.0
t47,0.0,0.0,0.0,0.0
t48,0.0,0.0,0.0,0.0
t49,0.0,0.0,0.0,0.0
t50,0.0,0.0,0.0,0.0
t51,0.0,0.0,0.0,0.0
t52,0.0,0.0,0.0,0.0
t53,0.0,0.0,0.0,0.0
t54,0.0,0.0,0.0,0.0
t55,0.0,0.0,0.0,0.0
t56,0.0,0.0,0.0,0.0
t57,0.0,0.0,0.0,0.0
t58,0.0,0.0,0.0,0.0
t59,0.0,0.0,0.0,0.0
t60,0.0,0.0,0.0,0.0
t61,0.0,0.0,0.0,0.0
t62,0.0,0.0,0.0,0.0
t63,0.0,0.0,0.0,0.0
t64,0.0,0.0,0.0,0.0
t65,0.0,0.0,0.0,0.0
t66,0.0,0.0,0.0,0.0
t67,0.0,0.0,0.0,0.0
t68,0.0,0.0,0.0,0.0
t69,0.0,0.0,0.0,0.0
t70,0.0,0.0,0.0,0.0
t71,0.0,0.0,0.0,0.0
t72,0.0,0.0,0.0,0.0
t73,0.0,0.0,0.0,0.0
t74,0.0,0.0,0.0,0.0
t75,0.0,0.0,0.0,0.0
t76,0.0,0.0,0.0,0.0
t77,0.0,0.0,0.0,0.0
t78,0.0,0.0,0.0,0.0
t79,0.0,0.0,0.0,0.0
t80,0.0,0.0,0.0,0.0
t81,0.0,0.0,0.0,0.0
t82,0.0,0.0,0.0,0.0
t83,0.0,0.0,0.0,0.0
t84,0.0,0.0,0.0,0.0
t85,0.0,0.0,0.0,0.0
t86,0.0,0.0,0.0,0.0
t87,0.0,0.0,0.0,0.0
t88,0.0,0.0,0.0,0.0
t89,0.0,0.0,0.0,0.0
t90,1276.3605053559875,0.0,0.0,1276.3605053559875
t91,1403.8605155724458,0.0,0.0,1403.8605155724458
t92,1128.9091593469466,0.0,0.0,1128.9091593469466
t93,1403.8605155724458,0.0,0.0,1403.8605155724458
t94,1403.8605155724458,0.0,0.0,1403.8605155724458
t95,1403.8605155724458,0.0,0.0,1403.8605155724458
t96,1403.8605155724458,0.0,0.0,1403.8605155724458
t97,1371.6161322191267,0.0,0.0,1371.6161322191267
t98,682.3130950069351,0.0,0.0,682.3130950069351
t99,1403.8605155724458,0.0,0.0,1403.8605155724458
t100,1403.8605155724458,0.0,0.0,1403.8605155724458
t101,1262.2019603589865,0.0,0.0,1262.2019603589865
t102,1403.8605155724458,0.0,0.0,1403.8605155724458
t103,1403.8605155724458,0.0,0.0,1403.8605155724458
t104,1403.8605155724458,0.0,0.0,1403.8605155724458
t105,1403.8605155724458,0.0,0.0,1403.8605155724458
t106,657.0067212879047,0.0,0.0,657.0067212879047
t107,657.0067212879047,0.0,0.0,657.0067212879047
t108,657.0067212879047,0.0,0.0,657.0067212879047
t109,657.0067212879047,0.0,0.0,657.0067212879047
t110,657.0067212879047,0.0,0.0,657.0067212879047
t111,1403.8605155724458,0.0,0.0,1403.8605155724458
t112,1403.8605155724458,0.0,0.0,1403.8605155724458
t113,1403.8605155724458,0.0,0.0,1403.8605155724458
t114,1403.8605155724458,0.0,0.0,1403.8605155724458
t115,1403.8605155724458,0.0,0.0,1403.8605155724458
t116,1403.8605155724458,0.0,0.0,1403.8605155724458
t117,1403.8605155724458,0.0,0.0,1403.8605155724458
t118,1403.8605155724458,0.0,0.0,1403.8605155724458
t119,1226.122856214875,0.0,0.0,1226.122856214875
t120,756.0047967583275,0.0,0.0,756.0047967583275
t121,100.77798659016692,0.0,0.0,100.77798659016692
t122,100.77798659016692,0.0,0.0,100.77798659016692
t123,100.77798659016692,0.0,0.0,100.77798659016692
t124,100.77798659016692,0.0,0.0,100.77798659016692
t125,100.77798659016692,0.0,0.0,100.77798659016692
t126,100.77798659016692,0.0,0.0,100.77798659016692
t127,100.77798659016692,0.0,0.0,100.77798659016692
t128,161.0886559986207,0.0,0.0,161.0886559986207
t129,100.77798659016692,0.0,0.0,100.77798659016692
t130,171.73795205709357,0.0,0.0,171.73795205709357
t131,100.77798659016692,0.0,0.0,100.77798659016692
t132,141.24520239082412,0.0,0.0,141.24520239082412
t133,100.77798659016692,0.0,0.0,100.77798659016692
t134,100.77798659016692,0.0,0.0,100.77798659016692
t135,100.77798659016692,0.0,0.0,100.77798659016692
t136,100.77798659016692,0.0,0.0,100.77798659016692
t137,215.33757818411735,0.0,0.0,215.33757818411735
t138,215.33757818411735,0.0,0.0,215.33757818411735
t139,100.77798659016692,0.0,0.0,100.77798659016692
t140,100.77798659016692,0.0,0.0,100.77798659016692
t141,100.77798659016692,0.0,0.0,100.77798659016692
t142,0.0,0.0,0.0,0.0
t143,0.0,0.0,0.0,0.0
t144,0.0,0.0,0.0,0.0
t145,0.0,0.0,0.0,0.0
t146,0.0,0.0,0.0,0.0
t147,0.0,0.0,0.0,0.0
t148,0.0,0.0,0.0,0.0
t149,0.0,0.0,0.0,0.0
t150,0.0,0.0,0.0,0.0
t151,0.0,0.0,0.0,0.0
t152,0.0,0.0,0.0,0.0
t153,0.0,0.0,0.0,0.0
t154,0.0,0.0,0.0,0.0
t155,0.0,0.0,0.0,0.0
t156,0.0,0.0,0.0,0.0
t157,0.0,0.0,0.0,0.0
t158,0.0,0.0,0.0,0.0
t159,0.0,0.0,0.0,0.0
t160,0.0,0.0,0.0,0.0
t161,0.0,0.0,0.0,0.0
t162,0.0,0.0,0.0,0.0
t163,0.0,0.0,0.0,0.0
t164,0.0,0.0,0.0,0.0
t165,0.0,0.0,0.0,0.0
t166,0.0,0.0,0.0,0.0
t167,0.0,0.0,0.0,0.0
t168,0.0,0.0,0.0,0.0
t169,0.0,0.0,0.0,0.0
t170,0.0,0.0,0.0,0.0
t171,0.0,0.0,0.0,0.0
t172,0.0,0.0,0.0,0.0
t173,0.0,0.0,0.0,0.0
t174,0.0,0.0,0.0,0.0
t175,0.0,0.0,0.0,0.0
t176,0.0,0.0,0.0,0.0
t177,0.0,0.0,0.0,0.0
t178,0.0,0.0,0.0,0.0
t179,0.0,0.0,0.0,0.0
t180,0.0,0.0,0.0,0.0
t181,0.0,0.0,0.0,0.0
t182,0.0,0.0,0.0,0.0
t183,0.0,0.0,0.0,0.0
t184,0.0,0.0,0.0,0.0
t185,0.0,0.0,0.0,0.0
t186,0.0,0.0,0.0,0.0
t187,0.0,0.0,0.0,0.0
t188,0.0,0.0,0.0,0.0
t189,0.0,0.0,0.0,0.0
t190,0.0,0.0,0.0,0.0
t191,0.0,0.0,0.0,0.0
t192,0.0,0.0,0.0,0.0
t193,0.0,0.0,0.0,0.0
t194,0.0,0.0,0.0,0.0
t195,0.0,0.0,0.0,0.0
t196,0.0,0.0,0.0,0.0
t197,0.0,0.0,0.0,0.0
t198,0.0,0.0,0.0,0.0
t199,0.0,0.0,0.0,0.0
t200,0.0,0.0,0.0,0.0
t201,0.0,0.0,0.0,0.0
t202,0.0,0.0,0.0,0.0
t203,0.0,0.0,0.0,0.0
t204,0.0,0.0,0.0,0.0
t205,0.0,0.0,0.0,0.0
t206,0.0,0.0,0.0,0.0
t207,0.0,0.0,0.0,0.0
t208,0.0,0.0,0.0,0.0
t209,0.0,0.0,0.0,0.0
t210,455.94089073341576,0.0,0.0,455.94089073341576
t211,591.3691999636519,0.0,0.0,591.3691999636519
t212,591.3691999636519,0.0,0.0,591.3691999636519
t213,591.3691999636519,0.0,0.0,591.3691999636519
t214,591.3691999636519,0.0,0.0,591.3691999636519
t215,591.3691999636519,0.0,0.0,591.3691999636519
t216,591.3691999636519,0.0,0.0,591.3691999636519
t217,591.3691999636519,0.0,0.0,591.3691999636519
t218,276.7607855829891,0.0,0.0,276.7607855829891
t219,276.7607855829891,0.0,0.0,276.7607855829891
t220,726.1037005492498,0.0,0.0,726.1037005492498
t221,697.5279846244146,0.0,0.0,697.5279846244146
t222,697.5279846244146,0.0,0.0,697.5279846244146
t223,697.5279846244146,0.0,0.0,697.5279846244146
t224,697.5279846244146,0.0,0.0,697.5279846244146
t225,697.5279846244146,0.0,0.0,697.5279846244146
t226,326.443096804226,0.0,0.0,326.443096804226
t227,326.443096804226,0.0,0.0,326.443096804226
t228,326.443096804226,0.0,0.0,326.443096804226
t229,326.443096804226,0.0,0.0,326.443096804226
t230,326.443096804226,0.0,0.0,326.443096804226
t231,326.443096804226,0.0,0.0,326.443096804226
t232,326.443096804226,0.0,0.0,326.443096804226
t233,326.443096804226,0.0,0.0,326.443096804226
t234,2293.957694239095,0.0,0.0,2293.957694239095
t235,2370.5722152104904,0.0,0.0,2370.5722152104904
t236,2370.5722152104904,0.0,0.0,2370.5722152104904
t237,2370.5722152104904,0.0,0.0,2370.5722152104904
t238,2370.5722152104904,0.0,0.0,2370.5722152104904
t239,1467.5806894210593,0.0,0.0,1467.5806894210593
t240,2320.392036337821,0.0,0.0,2320.392036337821
t241,1109.4277967185096,0.0,0.0,1109.4277967185096
t242,1109.4277967185096,0.0,0.0,1109.4277967185096
t243,1651.2735550030725,0.0,0.0,1651.2735550030725
t244,2370.5722152104904,0.0,0.0,2370.5722152104904
t245,2370.5722152104904,0.0,0.0,2370.5722152104904
t246,2370.5722152104904,0.0,0.0,2370.5722152104904
t247,2370.5722152104904,0.0,0.0,2370.5722152104904
t248,2370.5722152104904,0.0,0.0,2370.5722152104904
t249,2370.5722152104904,0.0,0.0,2370.5722152104904
t250,1490.2257470948286,0.0,0.0,1490.2257470948286
t251,1109.4277967185096,0.0,0.0,1109.4277967185096
t252,1109.4277967185096,0.0,0.0,1109.4277967185096
t253,1109.4277967185096,0.0,0.0,1109.4277967185096
t254,1109.4277967185096,0.0,0.0,1109.4277967185096
t255,1109.4277967185096,0.0,0.0,1109.4277967185096
t256,1109.4277967185096,0.0,0.0,1109.4277967185096
t257,1830.6125030179107,0.0,0.0,1830.6125030179107
t258,2370.5722152104904,0.0,0.0,2370.5722152104904
t259,2370.5722152104904,0.0,0.0,2370.5722152104904
t260,2370.5722152104904,0.0,0.0,2370.5722152104904
t261,1992.0790386294066,0.0,0.0,1992.0790386294066
t262,1673.203375641172,0.0,0.0,1673.203375641172
t263,1109.4277967185096,0.0,0.0,1109.4277967185096
t264,1157.146224785624,0.0,0.0,1157.146224785624
t265,1392.596145478149,0.0,0.0,1392.596145478149
t266,1420.6457411115375,0.0,0.0,1420.6457411115375
t267,1688.707659502316,0.0,0.0,1688.707659502316
t268,2042.3798579316492,0.0,0.0,2042.3798579316492
t269,2308.31088726764,0.0,0.0,2308.31088726764
t270,2370.5722152104904,0.0,0.0,2370.5722152104904
t271,2370.5722152104904,0.0,0.0,2370.5722152104904
t272,2370.5722152104904,0.0,0.0,2370.5722152104904
t273,2370.5722152104904,0.0,0.0,2370.5722152104904
t274,890.2906156034074,0.0,0.0,890.2906156034074
t275,890.2906156034074,0.0,0.0,890.2906156034074
t276,890.2906156034074,0.0,0.0,890.2906156034074
t277,890.2906156034074,0.0,0.0,890.2906156034074
t278,890.2906156034074,0.0,0.0,890.2906156034074
t279,890.5619262310859,0.0,0.0,890.5619262310859
t280,1902.330375220956,0.0,0.0,1902.330375220956
t281,1902.330375220956,0.0,0.0,1902.330375220956
t282,1902.330375220956,0.0,0.0,1902.330375220956
t283,1902.330375220956,0.0,0.0,1902.330375220956
t284,1902.330375220956,0.0,0.0,1902.330375220956
t285,1127.9203272918467,0.0,0.0,1127.9203272918467
t286,1116.7665918291048,0.0,0.0,1116.7665918291048
t287,1014.5763891091661,0.0,0.0,1014.5763891091661
t288,412.0999240796205,0.0,0.0,412.0999240796205
t289,0.0,0.0,0.0,0.0
t290,0.0,0.0,0.0,0.0
t291,0.0,0.0,0.0,0.0
t292,0.0,0.0,0.0,0.0
t293,0.0,0.0,0.0,0.0
t294,0.0,0.0,0.0,0.0
t295,0.0,0.0,0.0,0.0
t296,0.0,0.0,0.0,0.0
t297,0.0,0.0,0.0,0.0
t298,0.0,0.0,0.0,0.0
t299,0.0,0.0,0.0,0.0
t300,0.0,0.0,0.0,0.0
t301,0.0,0.0,0.0,0.0
t302,0.0,0.0,0.0,0.0
t303,0.0,0.0,0.0,0.0
t304,0.0,0.0,0.0,0.0
t305,0.0,0.0,0.0,0.0
t306,0.0,0.0,0.0,0.0
t307,0.0,0.0,0.0,0.0
t308,0.0,0.0,0.0,0.0
t309,0.0,0.0,0.0,0.0
t310,0.0,0.0,0.0,0.0
t311,0.0,0.0,0.0,0.0
t312,0.0,0.0,0.0,0.0
t313,0.0,0.0,0.0,0.0
t314,0.0,0.0,0.0,0.0
t315,0.0,0.0,0.0,0.0
t316,0.0,0.0,0.0,0.0
t317,0.0,0.0,0.0,0.0
t318,0.0,0.0,0.0,0.0
t319,0.0,0.0,0.0,0.0
t320,0.0,0.0,0.0,0.0
t321,0.0,0.0,0.0,0.0
t322,0.0,0.0,0.0,0.0
t323,0.0,0.0,0.0,0.0
t324,0.0,0.0,0.0,0.0
t325,0.0,0.0,0.0,0.0
t326,0.0,0.0,0.0,0.0
t327,0.0,0.0,0.0,0.0
t328,0.0,0.0,0.0,0.0
t329,0.0,0.0,0.0,0.0
t330,0.0,0.0,0.0,0.0
t331,0.0,0.0,0.0,0.0
t332,0.0,0.0,0.0,0.0
t333,0.0,0.0,0.0,0.0
t334,0.0,0.0,0.0,0.0
t335,0.0,0.0,0.0,0.0
t336,0.0,0.0,0.0,0.0
t337,0.0,0.0,0.0,0.0
t338,0.0,0.0,0.0,0.0
t339,0.0,0.0,0.0,0.0
t340,0.0,0.0,0.0,0.0
t341,0.0,0.0,0.0,0.0
t342,0.0,0.0,0.0,0.0
t343,0.0,0.0,0.0,0.0
t344,0.0,0.0,0.0,0.0
t345,0.0,0.0,0.0,0.0
t346,0.0,0.0,0.0,0.0
t347,0.0,0.0,0.0,0.0
t348,0.0,0.0,0.0,0.0
t349,0.0,0.0,0.0,0.0
t350,0.0,0.0,0.0,0.0
t351,0.0,0.0,0.0,0.0
t352,0.0,0.0,0.0,0.0
t353,0.0,0.0,0.0,0.0
t354,0.0,0.0,0.0,0.0
t355,0.0,0.0,0.0,0.0
t356,0.0,0.0,0.0,0.0
t357,0.0,0.0,0.0,0.0
t358,0.0,0.0,0.0,0.0
t359,0.0,0.0,0.0,0.0
t360,0.0,0.0,0.0,0.0
t361,0.0,0.0,0.0,0.0
t362,0.0,0.0,0.0,0.0
t363,0.0,0.0,0.0,0.0
t364,0.0,0.0,0.0,0.0
t365,0.0,0.0,0.0,0.0
t366,0.0,0.0,0.0,0.0
t367,0.0,0.0,0.0,0.0
t368,0.0,0.0,0.0,0.0
t369,0.0,0.0,0.0,0.0
t370,0.0,0.0,0.0,0.0
t371,0.0,0.0,0.0,0.0
t372,0.0,0.0,0.0,0.0
t373,0.0,0.0,0.0,0.0
t374,0.0,0.0,0.0,0.0
t375,0.0,0.0,0.0,0.0
t376,0.0,0.0,0.0,0.0
t377,0.0,0.0,0.0,0.0
t378,0.0,0.0,0.0,0.0
t379,0.0,0.0,0.0,0.0
t380,0.0,0.0,0.0,0.0
t381,0.0,0.0,0.0,0.0
t382,0.0,0.0,0.0,0.0
t383,0.0,0.0,0.0,0.0
t384,0.0,0.0,0.0,0.0
t385,0.0,0.0,0.0,0.0
t386,0.0,0.0,0.0,0.0
t387,0.0,0.0,0.0,0.0
t388,0.0,0.0,0.0,0.0
t389,0.0,0.0,0.0,0.0
t390,0.0,0.0,0.0,0.0
t391,0.0,0.0,0.0,0.0
t392,0.0,0.0,0.0,0.0
t393,0.0,0.0,0.0,0.0
t394,0.0,0.0,0.0,0.0
t395,0.0,0.0,0.0,0.0
t396,0.0,0.0,0.0,0.0
t397,0.0,0.0,0.0,0.0
t398,0.0,0.0,0.0,0.0
t399,0.0,0.0,0.0,0.0
t400,0.0,0.0,0.0,0.0
t401,0.0,0.0,0.0,0.0
t402,0.0,0.0,0.0,0.0
t403,0.0,0.0,0.0,0.0
t404,0.0,0.0,0.0,0.0
t405,0.0,0.0,0.0,0.0
t406,0.0,0.0,0.0,0.0
t407,0.0,0.0,0.0,0.0
t408,0.0,0.0,0.0,0.0
t409,0.0,0.0,0.0,0.0
t410,0.0,0.0,0.0,0.0
t411,0.0,0.0,0.0,0.0
t412,0.0,0.0,0.0,0.0
t413,0.0,0.0,0.0,0.0
t414,0.0,0.0,0.0,0.0
t415,0.0,0.0,0.0,0.0
t416,0.0,0.0,0.0,0.0
t417,0.0,0.0,0.0,0.0
t418,0.0,0.0,0.0,0.0
t419,0.0,0.0,0.0,0.0
t420,0.0,0.0,0.0,0.0
t421,0.0,0.0,0.0,0.0
t422,0.0,0.0,0.0,0.0
t423,0.0,0.0,0.0,0.0
t424,0.0,0.0,0.0,0.0
t425,0.0,0.0,0.0,0.0
t426,0.0,0.0,0.0,0.0
t427,0.0,0.0,0.0,0.0
t428,0.0,0.0,0.0,0.0
t429,0.0,0.0,0.0,0.0
t430,0.0,0.0,0.0,0.0
t431,0.0,0.0,0.0,0.0
t432,0.0,0.0,0.0,0.0
t433,0.0,0.0,0.0,0.0
t434,0.0,0.0,0.0,0.0
t435,0.0,0.0,0.0,0.0
t436,0.0,0.0,0.0,0.0
t437,0.0,0.0,0.0,0.0
t438,0.0,0.0,0.0,0.0
t439,0.0,0.0,0.0,0.0
t440,0.0,0.0,0.0,0.0
t441,0.0,0.0,0.0,0.0
t442,0.0,0.0,0.0,0.0
t443,0.0,0.0,0.0,0.0
t444,0.0,0.0,0.0,0.0
t445,0.0,0.0,0.0,0.0
t446,0.0,0.0,0.0,0.0
t447,0.0,0.0,0.0,0.0
t448,0.0,0.0,0.0,0.0
t449,0.0,0.0,0.0,0.0
t450,0.0,0.0,0.0,0.0
t451,0.0,0.0,0.0,0.0
t452,0.0,0.0,0.0,0.0
t453,0.0,0.0,0.0,0.0
t454,0.0,0.0,0.0,0.0
t455,0.0,0.0,0.0,0.0
t456,0.0,0.0,0.0,0.0
t457,0.0,0.0,0.0,0.0
t458,0.0,0.0,0.0,0.0
t459,0.0,0.0,0.0,0.0
t460,0.0,0.0,0.0,0.0
t461,0.0,0.0,0.0,0.0
t462,0.0,0.0,0.0,0.0
t463,0.0,0.0,0.0,0.0
t464,0.0,0.0,0.0,0.0
t465,0.0,0.0,0.0,0.0
t466,0.0,0.0,0.0,0.0
t467,0.0,0.0,0.0,0.0
t468,0.0,0.0,0.0,0.0
t469,0.0,0.0,0.0,0.0
t470,0.0,0.0,0.0,0.0
t471,0.0,0.0,0.0,0.0
t472,0.0,0.0,0.0,0.0
t473,0.0,0.0,0.0,0.0
t474,158.20156549862776,731.7350383171087,0.0,889.9366038157364
t475,174.0048602047022,794.58782833361,0.0,968.5926885383121
t476,174.0048602047022,794.58782833361,0.0,968.5926885383121
t477,174.0048602047022,794.58782833361,0.0,968.5926885383121
t478,174.0048602047022,794.58782833361,0.0,968.5926885383121
t479,174.0048602047022,794.58782833361,0.0,968.5926885383121
t480,174.0048602047022,794.58782833361,0.0,968.5926885383121
t481,174.0048602047022,777.1068961102706,0.0,951.1117563149728
t482,81.43427457580063,268.57068597676016,0.0,350.00496055256076
t483,81.43427457580063,268.57068597676016,0.0,350.00496055256076
t484,81.43427457580063,268.57068597676016,0.0,350.00496055256076
t485,174.0048602047022,777.1068961102706,0.0,951.1117563149728
t486,174.0048602047022,794.58782833361,0.0,968.5926885383121
t487,174.0048602047022,794.58782833361,0.0,968.5926885383121
t488,174.0048602047022,794.58782833361,0.0,968.5926885383121
t489,174.0048602047022,794.58782833361,0.0,968.5926885383121
t490,81.43427457580063,639.2734388833494,0.0,720.70771345915
t491,81.43427457580063,268.57068597676016,0.0,350.00496055256076
t492,81.43427457580063,268.57068597676016,0.0,350.00496055256076
t493,81.43427457580063,268.57068597676016,0.0,350.00496055256076
t494,81.43427457580063,268.57068597676016,0.0,350.00496055256076
t495,81.43427457580063,268.57068597676016,0.0,350.00496055256076
t496,81.43427457580063,268.57068597676016,0.0,350.00496055256076
t497,81.43427457580063,549.1414111566261,0.0,630.5756857324267
t498,174.0048602047022,794.58782833361,0.0,968.5926885383121
t499,174.0048602047022,794.58782833361,0.0,968.5926885383121
t500,174.0048602047022,794.58782833361,0.0,968.5926885383121
t501,174.0048602047022,794.58782833361,0.0,968.5926885383121
t502,174.0048602047022,600.9070350734651,0.0,774.9118952781673
t503,62.64174967369278,489.73303481725253,0.0,552.3747844909453
t504,0.0,0.0,0.0,0.0
t505,0.0,0.0,0.0,0.0
t506,0.0,0.0,0.0,0.0
t507,0.0,0.0,0.0,0.0
t508,0.0,0.0,0.0,0.0
t509,0.0,0.0,0.0,0.0
t510,0.0,0.0,0.0,0.0
t511,0.0,0.0,0.0,0.0
t512,0.0,0.0,0.0,0.0
t513,0.0,0.0,0.0,0.0
t514,0.0,0.0,0.0,0.0
t515,0.0,0.0,0.0,0.0
t516,0.0,0.0,0.0,0.0
t517,0.0,0.0,0.0,0.0
t518,0.0,0.0,0.0,0.0
t519,0.0,0.0,0.0,0.0
t520,0.0,0.0,0.0,0.0
t521,0.0,0.0,0.0,0.0
t522,0.0,0.0,0.0,0.0
t523,0.0,0.0,0.0,0.0
t524,0.0,0.0,0.0,0.0
t525,0.0,0.0,0.0,0.0
t526,0.0,0.0,0.0,0.0
t527,0.0,0.0,0.0,0.0
t528,0.0,0.0,0.0,0.0
t529,0.0,0.0,0.0,0.0
t530,0.0,0.0,0.0,0.0
t531,0.0,0.0,0.0,0.0
t532,0.0,0.0,0.0,0.0
t533,0.0,0.0,0.0,0.0
t534,0.0,0.0,0.0,0.0
t535,0.0,0.0,0.0,0.0
t536,0.0,0.0,0.0,0.0
t537,0.0,0.0,0.0,0.0
t538,0.0,0.0,0.0,0.0
t539,0.0,0.0,0.0,0.0
t540,0.0,0.0,0.0,0.0
t541,0.0,0.0,0.0,0.0
t542,0.0,0.0,0.0,0.0
t543,0.0,0.0,0.0,0.0
t544,0.0,0.0,0.0,0.0
t545,0.0,0.0,0.0,0.0
t546,0.0,0.0,0.0,0.0
t547,0.0,192.30139970754382,0.0,192.30139970754382
t548,0.0,300.04951917902173,0.0,300.04951917902173
t549,0.0,108.0178269044478,0.0,108.0178269044478
t550,0.0,101.41673748250936,0.0,101.41673748250936
t551,0.0,101.41673748250935,0.0,101.41673748250935
t552,0.0,101.41673748250936,0.0,101.41673748250936
t553,0.0,0.0,0.0,0.0
t554,0.0,0.0,0.0,0.0
t555,0.0,0.0,0.0,0.0
t556,0.0,0.0,0.0,0.0
t557,0.0,0.0,0.0,0.0
t558,0.0,0.0,0.0,0.0
t559,0.0,0.0,0.0,0.0
t560,0.0,0.0,0.0,0.0
t561,0.0,0.0,0.0,0.0
t562,0.0,0.0,0.0,0.0
t563,0.0,0.0,0.0,0.0
t564,0.0,0.0,0.0,0.0
t565,0.0,0.0,0.0,0.0
t566,0.0,0.0,0.0,0.0
t567,0.0,0.0,0.0,0.0
t568,0.0,0.0,0.0,0.0
t569,0.0,0.0,0.0,0.0
t570,0.0,0.0,0.0,0.0
t571,0.0,74.00128564551159,0.0,74.00128564551159
t572,0.0,80.35766742863021,0.0,80.35766742863021
t573,0.0,80.35766742863021,0.0,80.35766742863021
t574,0.0,80.35766742863021,0.0,80.35766742863021
t575,0.0,28.928760274306875,0.0,28.928760274306875
t576,0.0,27.160891590877014,0.0,27.160891590877014
t577,0.0,27.160891590877014,0.0,27.160891590877014
t578,0.0,28.928760274306875,0.0,28.928760274306875
t579,0.0,80.35766742863021,0.0,80.35766742863021
t580,0.0,80.35766742863021,0.0,80.35766742863021
t581,0.0,80.35766742863021,0.0,80.35766742863021
t582,0.0,80.35766742863021,0.0,80.35766742863021
t583,0.0,51.42890715432333,0.0,51.42890715432333
t584,0.0,0.0,0.0,0.0
t585,0.0,0.0,0.0,0.0
t586,0.0,0.0,0.0,0.0
t587,0.0,0.0,0.0,0.0
t588,0.0,0.0,0.0,0.0
t589,0.0,0.0,0.0,0.0
t590,0.0,0.0,0.0,0.0
t591,0.0,0.0,0.0,0.0
t592,0.0,0.0,0.0,0.0
t593,0.0,0.0,0.0,0.0
t594,0.0,0.0,0.0,0.0
t595,0.0,0.0,0.0,0.0
t596,0.0,0.0,0.0,0.0
t597,0.0,0.0,0.0,0.0
t598,0.0,0.0,0.0,0.0
t599,0.0,0.0,0.0,0.0
t600,0.0,0.0,0.0,0.0
t601,0.0,0.0,0.0,0.0
t602,0.0,0.0,0.0,0.0
t603,0.0,0.0,0.0,0.0
t604,0.0,0.0,0.0,0.0
t605,0.0,0.0,0.0,0.0
t606,0.0,0.0,0.0,0.0
t607,0.0,0.0,0.0,0.0
t608,0.0,0.0,0.0,0.0
t609,0.0,0.0,0.0,0.0
t610,0.0,0.0,0.0,0.0
t611,0.0,0.0,0.0,0.0
t612,0.0,0.0,0.0,0.0
t613,0.0,0.0,0.0,0.0
t614,0.0,0.0,0.0,0.0
t615,0.0,0.0,0.0,0.0
t616,0.0,0.0,0.0,0.0
t617,0.0,0.0,0.0,0.0
t618,0.0,0.0,0.0,0.0
t619,0.0,0.0,0.0,0.0
t620,0.0,0.0,0.0,0.0
t621,0.0,0.0,0.0,0.0
t622,0.0,0.0,0.0,0.0
t623,0.0,0.0,0.0,0.0
t624,0.0,0.0,0.0,0.0
t625,0.0,0.0,0.0,0.0
t626,0.0,0.0,0.0,0.0
t627,0.0,0.0,0.0,0.0
t628,0.0,0.0,0.0,0.0
t629,0.0,0.0,0.0,0.0
t630,0.0,0.0,0.0,0.0
t631,0.0,0.0,0.0,0.0
t632,0.0,0.0,0.0,0.0
t633,0.0,0.0,0.0,0.0
t634,0.0,0.0,0.0,0.0
t635,0.0,0.0,0.0,0.0
t636,0.0,0.0,0.0,0.0
t637,0.0,0.0,0.0,0.0
t638,0.0,0.0,0.0,0.0
t639,0.0,0.0,0.0,0.0
t640,0.0,0.0,0.0,0.0
t641,0.0,0.0,0.0,0.0
t642,0.0,0.0,0.0,0.0
t643,0.0,0.0,0.0,0.0
t644,0.0,0.0,0.0,0.0
t645,0.0,0.0,0.0,0.0
t646,0.0,0.0,0.0,0.0
t647,0.0,0.0,0.0,0.0
t648,0.0,0.0,0.0,0.0
t649,0.0,0.0,0.0,0.0
t650,0.0,0.0,0.0,0.0
t651,0.0,0.0,0.0,0.0
t652,0.0,0.0,0.0,0.0
t653,0.0,0.0,0.0,0.0
t654,0.0,0.0,0.0,0.0
t655,0.0,0.0,0.0,0.0
t656,0.0,0.0,0.0,0.0
t657,0.0,0.0,0.0,0.0
t658,0.0,0.0,0.0,0.0
t659,0.0,0.0,0.0,0.0
t660,0.0,0.0,0.0,0.0
t661,0.0,0.0,0.0,0.0
t662,0.0,0.0,0.0,0.0
t663,0.0,0.0,0.0,0.0
t664,0.0,0.0,0.0,0.0
t665,0.0,0.0,0.0,0.0
t666,0.0,0.0,0.0,0.0
t667,0.0,0.0,0.0,0.0
t668,0.0,0.0,0.0,0.0
t669,0.0,0.0,0.0,0.0
t670,0.0,0.0,0.0,0.0
t671,0.0,0.0,0.0,0.0
t672,0.0,0.0,0.0,0.0
t673,0.0,0.0,0.0,0.0
t674,0.0,0.0,0.0,0.0
t675,0.0,0.0,0.0,0.0
t676,0.0,0.0,0.0,0.0
t677,0.0,0.0,0.0,0.0
t678,0.0,0.0,0.0,0.0
t679,0.0,0.0,0.0,0.0
t680,0.0,0.0,0.0,0.0
t681,0.0,0.0,0.0,0.0
t682,0.0,0.0,0.0,0.0
t683,0.0,0.0,0.0,0.0
t684,0.0,0.0,0.0,0.0
t685,0.0,0.0,0.0,0.0
t686,0.0,0.0,0.0,0.0
t687,0.0,0.0,0.0,0.0
t688,0.0,0.0,0.0,0.0
t689,0.0,0.0,0.0,0.0
t690,0.0,0.0,0.0,0.0
t691,0.0,0.0,0.0,0.0
t692,0.0,0.0,0.0,0.0
t693,0.0,0.0,0.0,0.0
t694,0.0,0.0,0.0,0.0
t695,0.0,0.0,0.0,0.0
t696,0.0,0.0,0.0,0.0
t697,0.0,0.0,0.0,0.0
t698,0.0,0.0,0.0,0.0
t699,0.0,0.0,0.0,0.0
t700,0.0,0.0,0.0,0.0
t701,0.0,0.0,0.0,0.0
t702,0.0,0.0,0.0,0.0
t703,0.0,0.0,0.0,0.0
t704,0.0,0.0,0.0,0.0
t705,0.0,0.0,0.0,0.0
t706,0.0,0.0,0.0,0.0
t707,0.0,0.0,0.0,0.0
t708,0.0,0.0,0.0,0.0
t709,0.0,0.0,0.0,0.0
t710,0.0,0.0,0.0,0.0
t711,0.0,0.0,0.0,0.0
t712,0.0,0.0,0.0,0.0
t713,0.0,0.0,0.0,0.0
t714,0.0,0.0,0.0,0.0
t715,0.0,0.0,0.0,0.0
t716,0.0,266.1390350787135,0.0,266.1390350787135
t717,0.0,288.99919621773427,0.0,288.99919621773427
t718,0.0,288.99919621773427,0.0,288.99919621773427
t719,0.0,139.41237653399784,0.0,139.41237653399784
t720,0.0,288.99919621773427,0.0,288.99919621773427
t721,0.0,198.71262662271454,0.0,198.71262662271454
t722,0.0,211.95248538951864,0.0,211.95248538951864
t723,0.0,288.99919621773427,0.0,288.99919621773427
t724,0.0,288.99919621773427,0.0,288.99919621773427
t725,0.0,288.99919621773427,0.0,288.99919621773427
t726,0.0,288.99919621773427,0.0,288.99919621773427
t727,0.0,288.99919621773427,0.0,288.99919621773427
t728,0.0,282.6412139009441,0.0,282.6412139009441
t729,0.0,97.68172832159419,0.0,97.68172832159419
t730,0.0,97.68172832159419,0.0,97.68172832159419
t731,0.0,97.68172832159419,0.0,97.68172832159419
t732,0.0,97.68172832159419,0.0,97.68172832159419
t733,0.0,97.68172832159419,0.0,97.68172832159419
t734,0.0,97.68172832159419,0.0,97.68172832159419
t735,0.0,97.68172832159419,0.0,97.68172832159419
t736,0.0,97.68172832159419,0.0,97.68172832159419
t737,162.23148339856522,277.2294045657416,0.0,439.46088796430683
t738,178.43734036761893,288.99919621773427,0.0,467.4365365853532
t739,178.43734036761893,288.99919621773427,0.0,467.4365365853532
t740,178.43734036761893,288.99919621773427,0.0,467.4365365853532
t741,178.43734036761893,288.99919621773427,0.0,467.4365365853532
t742,178.43734036761893,288.99919621773427,0.0,467.4365365853532
t743,178.43734036761893,288.99919621773427,0.0,467.4365365853532
t744,114.19989783527613,184.95948557934994,0.0,299.15938341462606
t745,0.0,0.0,0.0,0.0
t746,0.0,0.0,0.0,0.0
t747,0.0,0.0,0.0,0.0
t748,0.0,0.0,0.0,0.0
t749,0.0,0.0,0.0,0.0
t750,0.0,0.0,0.0,0.0
t751,0.0,0.0,0.0,0.0
t752,0.0,0.0,0.0,0.0
t753,0.0,0.0,0.0,0.0
t754,0.0,0.0,0.0,0.0
t755,0.0,0.0,0.0,0.0
t756,0.0,0.0,0.0,0.0
t757,0.0,0.0,0.0,0.0
t758,0.0,0.0,0.0,0.0
t759,0.0,0.0,0.0,0.0
t760,0.0,0.0,0.0,0.0
t761,0.0,0.0,0.0,0.0
t762,212.6043077024658,0.0,0.0,212.6043077024658
t763,233.84207813674223,0.0,0.0,233.84207813674223
t764,233.84207813674223,0.0,0.0,233.84207813674223
t765,233.84207813674223,0.0,0.0,233.84207813674223
t766,233.84207813674223,0.0,0.0,233.84207813674223
t767,233.84207813674223,0.0,0.0,233.84207813674223
t768,233.84207813674223,0.0,0.0,233.84207813674223
t769,233.84207813674223,0.0,0.0,233.84207813674223
t770,109.43809256799537,0.0,0.0,109.43809256799537
t771,109.43809256799537,0.0,0.0,109.43809256799537
t772,233.84207813674223,0.0,0.0,233.84207813674223
t773,149.658930007515,0.0,0.0,149.658930007515
t774,0.0,0.0,0.0,0.0
t775,0.0,0.0,0.0,0.0
t776,0.0,0.0,0.0,0.0
t777,0.0,0.0,0.0,0.0
t778,0.0,0.0,0.0,0.0
t779,0.0,0.0,0.0,0.0
t780,0.0,0.0,0.0,0.0
t781,0.0,0.0,0.0,0.0
t782,0.0,0.0,0.0,0.0
t783,0.0,0.0,0.0,0.0
t784,0.0,0.0,0.0,0.0
t785,0.0,0.0,0.0,0.0
t786,40.896854938475606,0.0,221.16414432957725,262.06099926805285
t787,44.9821814591535,0.0,276.98192892974606,321.96411038889954
t788,44.9821814591535,0.0,276.98192892974606,321.96411038889954
t789,44.9821814591535,0.0,276.98192892974606,321.96411038889954
t790,44.9821814591535,0.0,276.98192892974606,321.96411038889954
t791,44.9821814591535,0.0,276.98192892974606,321.96411038889954
t792,44.9821814591535,0.0,276.98192892974606,321.96411038889954
t793,44.9821814591535,0.0,276.98192892974606,321.96411038889954
t794,44.9821814591535,0.0,182.40966498960458,227.3918464487581
t795,44.9821814591535,0.0,131.28943431269963,176.27161577185313
t796,44.9821814591535,0.0,131.28943431269963,176.27161577185313
t797,28.788596133858242,0.0,276.98192892974606,305.7705250636043
t798,0.0,0.0,99.71349441470859,99.71349441470859
t799,0.0,0.0,210.36602197195901,210.36602197195901
t800,0.0,0.0,134.63425406205386,134.63425406205386
t801,0.0,0.0,0.0,0.0
t802,0.0,0.0,0.0,0.0
t803,0.0,0.0,0.0,0.0
t804,0.0,0.0,0.0,0.0
t805,0.0,0.0,0.0,0.0
t806,0.0,0.0,0.0,0.0
t807,0.0,0.0,0.0,0.0
t808,0.0,0.0,0.0,0.0
t809,0.0,0.0,0.0,0.0
t810,0.0,0.0,0.0,0.0
t811,0.0,0.0,0.0,0.0
t812,43.053894614914334,0.0,297.29352181688205,340.3474164317964
t813,47.35469519611758,0.0,372.32496877273053,419.6796639688481
t814,47.35469519611758,0.0,176.48203519827427,223.83673039439185
t815,47.35469519611758,0.0,289.24225824891244,336.59695344503
t816,47.35469519611758,0.0,344.9247703214484,392.279465517566
t817,47.35469519611758,0.0,372.32496877273053,419.6796639688481
t818,47.35469519611758,0.0,372.32496877273053,419.6796639688481
t819,47.35469519611758,0.0,372.32496877273053,419.6796639688481
t820,47.35469519611758,0.0,372.32496877273053,419.6796639688481
t821,47.35469519611758,0.0,372.32496877273053,419.6796639688481
t822,47.35469519611758,0.0,372.32496877273053,419.6796639688481
t823,30.307004925515248,0.0,238.28798001454757,268.59498494006283
t824,0.0,0.0,0.0,0.0
t825,0.0,0.0,0.0,0.0
t826,0.0,0.0,0.0,0.0
t827,0.0,0.0,0.0,0.0
t828,0.0,0.0,0.0,0.0
t829,0.0,0.0,0.0,0.0
t830,0.0,0.0,0.0,0.0
t831,0.0,0.0,0.0,0.0
t832,0.0,0.0,0.0,0.0
t833,0.0,0.0,0.0,0.0
t834,0.0,0.0,0.0,0.0
t835,0.0,0.0,0.0,0.0
t836,0.0,0.0,0.0,0.0
t837,0.0,0.0,0.0,0.0
t838,0.0,0.0,0.0,0.0
t839,0.0,0.0,0.0,0.0
t840,0.0,0.0,0.0,0.0
t841,1267.94740975978,0.0,297.29352181688205,1565.240931576662
t842,1218.8160320533843,0.0,372.32496877273053,1591.1410008261148
t843,1218.8160320533843,0.0,372.32496877273053,1591.1410008261148
t844,1218.8160320533843,0.0,372.32496877273053,1591.1410008261148
t845,1218.8160320533843,0.0,372.32496877273053,1591.1410008261148
t846,1218.8160320533843,0.0,372.32496877273053,1591.1410008261148
t847,1218.8160320533843,0.0,372.32496877273053,1591.1410008261148
t848,1218.8160320533843,0.0,372.32496877273053,1591.1410008261148
t849,719.7879380325071,0.0,372.32496877273053,1092.1129068052376
t850,570.4059030009839,0.0,176.48203519827427,746.8879381992582
t851,570.4059030009839,0.0,176.48203519827427,746.8879381992582
t852,570.4059030009839,0.0,176.48203519827427,746.8879381992582
t853,570.4059030009839,0.0,176.48203519827427,746.8879381992582
t854,570.4059030009839,0.0,176.48203519827427,746.8879381992582
t855,570.4059030009839,0.0,176.48203519827427,746.8879381992582
t856,1130.1430276810183,0.0,372.32496877273053,1502.4679964537488
t857,2192.7906899411146,0.0,372.32496877273053,2565.1156587138453
t858,2762.424987859902,0.0,372.32496877273053,3134.749956632633
t859,3379.648755717226,8.082860129969532,372.32496877273053,3760.056584619926
t860,3248.7423362352906,8.777141917609667,372.32496877273053,3629.844446925631
t861,3248.7423362352906,8.777141917609667,372.32496877273053,3629.844446925631
t862,3248.7423362352906,8.777141917609667,372.32496877273053,3629.844446925631
t863,3248.7423362352906,8.777141917609667,372.32496877273053,3629.844446925631
t864,3248.7423362352906,8.777141917609667,372.32496877273053,3629.844446925631
t865,2552.0372255307693,3.1597710903394804,372.32496877273053,2927.5219653938393
t866,1299.3270818041299,0.0,300.4649146848363,1599.791996488966
t867,1299.3270818041299,0.0,176.48203519827427,1475.809117002404
t868,1299.3270818041299,0.0,176.48203519827427,1475.809117002404
t869,1669.8308321639674,0.0,372.32496877273053,2042.155800936698
t870,2776.339918384893,0.0,372.32496877273053,3148.6648871576235
t871,2776.339918384893,0.0,372.32496877273053,3148.6648871576235
t872,2776.339918384893,0.0,372.32496877273053,3148.6648871576235
t873,1602.1047741899442,0.0,372.32496877273053,1974.4297429626747
t874,717.5593032271241,0.0,176.48203519827427,894.0413384253984
t875,717.5593032271241,0.0,176.48203519827427,894.0413384253984
t876,717.5593032271241,0.0,176.48203519827427,894.0413384253984
t877,717.5593032271241,0.0,176.48203519827427,894.0413384253984
t878,717.5593032271241,0.0,176.48203519827427,894.0413384253984
t879,717.5593032271241,0.0,176.48203519827427,894.0413384253984
t880,766.9636734102976,0.0,372.32496877273053,1139.288642183028
t881,1533.2463744169315,0.0,372.32496877273053,1905.571343189662
t882,1533.2463744169315,0.0,372.32496877273053,1905.571343189662
t883,1533.2463744169315,0.0,372.32496877273053,1905.571343189662
t884,1533.2463744169315,0.0,372.32496877273053,1905.571343189662
t885,1533.2463744169315,0.0,280.7194629492014,1813.965837366133
t886,1533.2463744169315,0.0,42.431482934653936,1575.6778573515855
t887,1480.9901143986203,0.0,0.0,1480.9901143986203
t888,982.6760631986206,0.0,0.0,982.6760631986206
t889,669.478130498788,0.0,0.0,669.478130498788
t890,669.478130498788,0.0,0.0,669.478130498788
t891,669.478130498788,0.0,0.0,669.478130498788
t892,669.478130498788,0.0,0.0,669.478130498788
t893,669.478130498788,0.0,0.0,669.478130498788
t894,669.478130498788,0.0,0.0,669.478130498788
t895,669.478130498788,0.0,0.0,669.478130498788
t896,669.478130498788,0.0,0.0,669.478130498788
t897,669.478130498788,0.0,0.0,669.478130498788
t898,669.478130498788,0.0,0.0,669.478130498788
t899,669.478130498788,0.0,0.0,669.478130498788
t900,669.478130498788,0.0,0.0,669.478130498788
t901,669.478130498788,0.0,0.0,669.478130498788
t902,669.478130498788,0.0,0.0,669.478130498788
t903,669.478130498788,0.0,0.0,669.478130498788
t904,1287.184101431452,411.60095905337363,0.0,1698.7850604848256
t905,1430.5088258521107,892.2373156639343,0.0,2322.746141516045
t906,1430.5088258521107,794.58782833361,0.0,2225.0966541857206
t907,1430.5088258521107,794.58782833361,0.0,2225.0966541857206
t908,1430.5088258521107,794.58782833361,0.0,2225.0966541857206
t909,1430.5088258521107,794.58782833361,0.0,2225.0966541857206
t910,1430.5088258521107,794.58782833361,0.0,2225.0966541857206
t911,1430.5088258521107,794.58782833361,0.0,2225.0966541857206
t912,1430.5088258521107,794.58782833361,0.0,2225.0966541857206
t913,1430.5088258521107,387.86116574836626,0.0,1818.369991600477
t914,1353.923303812112,268.57068597676016,0.0,1622.493989788872
t915,1279.0443684462334,701.1744939826708,0.0,1980.2188624289042
t916,363.5187199008823,268.57068597676016,0.0,632.0894058776424
t917,363.5187199008823,268.57068597676016,0.0,632.0894058776424
t918,776.7494014976115,390.1816178724427,0.0,1166.9310193700542
t919,776.7494014976115,794.58782833361,0.0,1571.3372298312215
t920,776.7494014976115,560.4821216098463,0.0,1337.2315231074579
t921,479.1009726540595,268.57068597676016,0.0,747.6716586308196
t922,363.5187199008823,268.57068597676016,0.0,632.0894058776424
t923,363.5187199008823,268.57068597676016,0.0,632.0894058776424
t924,363.5187199008823,268.57068597676016,0.0,632.0894058776424
t925,363.5187199008823,268.57068597676016,0.0,632.0894058776424
t926,363.5187199008823,268.57068597676016,0.0,632.0894058776424
t927,363.5187199008823,268.57068597676016,0.0,632.0894058776424
t928,363.5187199008823,268.57068597676016,0.0,632.0894058776424
t929,363.5187199008823,268.57068597676016,0.0,632.0894058776424
t930,1736.5557886031072,268.57068597676016,0.0,2005.1264745798674
t931,1779.0163375826278,268.57068597676016,0.0,2047.587023559388
t932,1779.0163375826278,268.57068597676016,0.0,2047.587023559388
t933,1779.0163375826278,286.0516182000996,0.0,2065.0679557827275
t934,1779.0163375826278,794.58782833361,0.0,2573.604165916238
t935,1779.0163375826278,643.3032572632552,0.0,2422.319594845883
t936,1779.0163375826278,268.57068597676016,0.0,2047.587023559388
t937,1315.2156343800525,268.57068597676016,0.0,1583.7863203568127
t938,609.6125013650494,268.57068597676016,0.0,878.1831873418096
t939,609.6125013650494,268.57068597676016,0.0,878.1831873418096
t940,609.6125013650494,268.57068597676016,0.0,878.1831873418096
t941,609.6125013650494,268.57068597676016,0.0,878.1831873418096
t942,609.6125013650494,268.57068597676016,0.0,878.1831873418096
t943,1302.5908148825843,777.1068961102706,297.29352181688205,2376.991232809737
t944,1302.5908148825843,794.58782833361,372.32496877273053,2469.503611988925
t945,1302.5908148825843,794.58782833361,372.32496877273053,2469.503611988925
t946,824.9486318424354,286.0516182000996,372.32496877273053,1483.3252188152653
t947,609.6125013650494,268.57068597676016,176.48203519827427,1054.665222540084
t948,609.6125013650494,268.57068597676016,176.48203519827427,1054.665222540084
t949,609.6125013650494,268.57068597676016,176.48203519827427,1054.665222540084
t950,609.6125013650494,268.57068597676016,176.48203519827427,1054.665222540084
t951,609.6125013650494,268.57068597676016,176.48203519827427,1054.665222540084
t952,609.6125013650494,268.57068597676016,367.17505411261857,1245.358241454428
t953,1295.1516972956515,286.0516182000996,372.32496877273053,1953.5282842684817
t954,1302.5908148825843,794.58782833361,372.32496877273053,2469.503611988925
t955,1302.5908148825843,794.58782833361,372.32496877273053,2469.503611988925
t956,1302.5908148825843,794.58782833361,372.32496877273053,2469.503611988925
t957,1302.5908148825843,794.58782833361,372.32496877273053,2469.503611988925
t958,1302.5908148825843,794.58782833361,372.32496877273053,2469.503611988925
t959,1302.5908148825843,794.58782833361,372.32496877273053,2469.503611988925
t960,1302.5908148825843,794.58782833361,372.32496877273053,2469.503611988925
t961,1302.5908148825843,794.58782833361,372.32496877273053,2469.503611988925
t962,1302.5908148825843,794.58782833361,372.32496877273053,2469.503611988925
t963,1302.5908148825843,794.58782833361,372.32496877273053,2469.503611988925
t964,1302.5908148825843,499.87101646254496,372.32496877273053,2174.78680011786
t965,917.1332553692183,216.87462263733718,372.32496877273053,1506.332846779286
t966,1027.684175430518,216.87462263733718,372.32496877273053,1616.8837668405856
t967,1302.5908148825843,627.524795678449,372.32496877273053,2302.4405793337637
t968,833.6581215248539,315.7372243170656,238.28798001454757,1387.6833258564673
t969,0.0,66.24061494667988,0.0,66.24061494667988
t970,0.0,66.24061494667988,0.0,66.24061494667988
t971,0.0,66.24061494667988,0.0,66.24061494667988
t972,0.0,66.24061494667988,0.0,66.24061494667988
t973,0.0,66.24061494667988,0.0,66.24061494667988
t974,0.0,66.24061494667988,0.0,66.24061494667988
t975,0.0,66.24061494667988,0.0,66.24061494667988
t976,0.0,66.24061494667988,0.0,66.24061494667988
t977,0.0,66.24061494667988,0.0,66.24061494667988
t978,250.90923066366406,342.09756752932856,0.0,593.0067981929926
t979,275.9734106808124,359.33043616521826,0.0,635.3038468460306
t980,275.9734106808124,351.42516656958344,0.0,627.3985772503959
t981,129.15555619862022,121.45368742384377,0.0,250.609243622464
t982,129.15555619862022,121.45368742384377,0.0,250.609243622464
t983,275.9734106808124,351.42516656958344,0.0,627.3985772503959
t984,275.9734106808124,359.33043616521826,0.0,635.3038468460306
t985,275.9734106808124,359.33043616521826,0.0,635.3038468460306
t986,275.9734106808124,359.33043616521826,0.0,635.3038468460306
t987,275.9734106808124,359.33043616521826,0.0,635.3038468460306
t988,275.9734106808124,359.33043616521826,0.0,635.3038468460306
t989,275.9734106808124,359.33043616521826,0.0,635.3038468460306
t990,275.9734106808124,359.33043616521826,0.0,635.3038468460306
t991,176.6229828357199,229.9714791457397,0.0,406.59446198145963
t992,0.0,0.0,0.0,0.0
t993,0.0,0.0,0.0,0.0
t994,0.0,0.0,0.0,0.0
t995,0.0,0.0,0.0,0.0
t996,0.0,0.0,0.0,0.0
t997,0.0,0.0,0.0,0.0
t998,0.0,0.0,0.0,0.0
t999,0.0,0.0,0.0,0.0
t1000,0.0,0.0,0.0,0.0
t1001,0.0,0.0,0.0,0.0
t1002,0.0,0.0,0.0,0.0
t1003,390.05210361088405,0.0,0.0,390.05210361088405
t1004,1000.2117158461361,0.0,0.0,1000.2117158461361
t1005,969.1888640292218,0.0,0.0,969.1888640292218
t1006,460.70786399862067,0.0,0.0,460.70786399862067
t1007,1050.2564769445303,0.0,0.0,1050.2564769445303
t1008,484.9851070930901,0.0,0.0,484.9851070930901
t1009,1155.4668799152514,523.3903637571009,297.29352181688205,1976.1507654892343
t1010,1155.4668799152514,523.3903637571009,372.32496877273053,2051.1822124450828
t1011,1155.4668799152514,523.3903637571009,372.32496877273053,2051.1822124450828
t1012,1155.4668799152514,523.3903637571009,372.32496877273053,2051.1822124450828
t1013,1155.4668799152514,523.3903637571009,372.32496877273053,2051.1822124450828
t1014,1155.4668799152514,523.3903637571009,372.32496877273053,2051.1822124450828
t1015,1155.4668799152514,523.3903637571009,372.32496877273053,2051.1822124450828
t1016,1155.4668799152514,511.87577575444465,372.32496877273053,2039.6676244424266
t1017,540.7584998003376,176.9059429499001,316.4512048221391,1034.115647572377
t1018,540.7584998003376,176.9059429499001,176.48203519827427,894.146477948512
t1019,540.7584998003376,176.9059429499001,176.48203519827427,894.146477948512
t1020,540.7584998003376,176.9059429499001,176.48203519827427,894.146477948512
t1021,540.7584998003376,176.9059429499001,176.48203519827427,894.146477948512
t1022,540.7584998003376,176.9059429499001,176.48203519827427,894.146477948512
t1023,540.7584998003376,176.9059429499001,176.48203519827427,894.146477948512
t1024,540.7584998003376,176.9059429499001,176.48203519827427,894.146477948512
t1025,540.7584998003376,176.90594294990007,176.48203519827427,894.1464779485119
t1026,1155.4668799152514,511.87577575444465,372.32496877273053,2039.6676244424266
t1027,1155.4668799152514,523.3903637571009,372.32496877273053,2051.1822124450828
t1028,1155.4668799152514,523.3903637571009,176.48203519827427,1855.3392788706265
t1029,1155.4668799152514,523.3903637571009,307.8690358294224,1986.7262795017746
t1030,1155.4668799152514,523.3903637571009,372.32496877273053,2051.1822124450828
t1031,1155.4668799152514,523.3903637571009,372.32496877273053,2051.1822124450828
t1032,1155.4668799152514,239.1261819856512,372.32496877273053,1766.918030673633
t1033,977.3447614385893,188.4205309525563,372.32496877273053,1538.090261163876
t1034,1155.4668799152514,523.3903637571009,372.32496877273053,2051.1822124450828
t1035,1155.4668799152514,523.3903637571009,372.32496877273053,2051.1822124450828
t1036,1155.4668799152514,523.3903637571009,372.32496877273053,2051.1822124450828
t1037,1106.2479822090909,188.42053095255628,372.32496877273053,1666.9934819343775
t1038,788.4762627985123,176.9059429499001,372.32496877273053,1337.7071745211429
t1039,769.373364779039,334.9698328045445,372.32496877273053,1476.668166356314
t1040,29.87456163327804,0.0,134.03698875818299,163.91155039146102
t1041,0.0,0.0,0.0,0.0
t1042,0.0,0.0,0.0,0.0
t1043,0.0,0.0,0.0,0.0
t1044,0.0,0.0,0.0,0.0
t1045,0.0,0.0,0.0,0.0
t1046,0.0,0.0,0.0,0.0
t1047,0.0,0.0,0.0,0.0
t1048,0.0,0.0,0.0,0.0
t1049,1397.988848055805,548.452867980961,297.29352181688205,2243.735237853648
t1050,1537.63872883921,850.4938100125228,372.32496877273053,2760.4575076244632
t1051,1537.63872883921,794.58782833361,372.32496877273053,2704.5515259455506
t1052,1537.63872883921,794.58782833361,372.32496877273053,2704.5515259455506
t1053,1537.63872883921,794.58782833361,372.32496877273053,2704.5515259455506
t1054,1537.63872883921,794.58782833361,372.32496877273053,2704.5515259455506
t1055,1537.63872883921,794.58782833361,372.32496877273053,2704.5515259455506
t1056,1537.63872883921,794.58782833361,372.32496877273053,2704.5515259455506
t1057,1537.63872883921,757.9425319375877,372.32496877273053,2667.9062295495282
t1058,1404.3582289055303,268.57068597676016,372.32496877273053,2045.253883655021
t1059,1537.63872883921,532.0921939385906,372.32496877273053,2442.055891550531
t1060,1157.9523564472972,268.57068597676016,372.32496877273053,1798.8480111967879
t1061,750.6872155912984,268.57068597676016,372.32496877273053,1391.582870340789
t1062,1537.63872883921,318.87336607532154,372.32496877273053,2228.8370636872623
t1063,1537.63872883921,673.5084510494679,372.32496877273053,2583.4721486614085
t1064,1134.9907991531873,380.03112748090894,372.32496877273053,1887.3468954068267
t1065,150.90201269609292,268.57068597676016,176.48203519827427,595.9547338711274
t1066,150.90201269609292,268.57068597676016,176.48203519827427,595.9547338711274
t1067,150.90201269609292,268.57068597676016,176.48203519827427,595.9547338711274
t1068,150.90201269609292,268.57068597676016,176.48203519827427,595.9547338711274
t1069,150.90201269609292,268.57068597676016,176.48203519827427,595.9547338711274
t1070,150.90201269609292,268.57068597676016,176.48203519827427,595.9547338711274
t1071,150.90201269609292,268.57068597676016,176.48203519827427,595.9547338711274
t1072,150.90201269609292,268.57068597676016,176.48203519827427,595.9547338711274
t1073,322.4401980685746,776.5532300188739,372.32496877273053,1471.318396860179
t1074,322.4401980685746,794.58782833361,372.32496877273053,1489.3529951749151
t1075,322.4401980685746,794.58782833361,372.32496877273053,1489.3529951749151
t1076,322.4401980685746,794.58782833361,238.28798001454757,1355.3160064167323
t1077,322.4401980685746,794.58782833361,0.0,1117.0280264021847
t1078,322.4401980685746,794.58782833361,0.0,1117.0280264021847
t1079,206.3617267638878,777.1068961102706,0.0,983.4686228741583
t1080,0.0,268.57068597676016,0.0,268.57068597676016
t1081,0.0,268.57068597676016,0.0,268.57068597676016
t1082,0.0,268.57068597676016,0.0,268.57068597676016
t1083,0.0,268.57068597676016,0.0,268.57068597676016
t1084,0.0,268.57068597676016,0.0,268.57068597676016
t1085,0.0,268.57068597676016,0.0,268.57068597676016
t1086,0.0,777.1068961102706,0.0,777.1068961102706
t1087,0.0,777.1068961102706,0.0,777.1068961102706
t1088,0.0,268.57068597676016,0.0,268.57068597676016
t1089,0.0,623.1351207288124,0.0,623.1351207288124
t1090,0.0,268.57068597676016,0.0,268.57068597676016
t1091,0.0,268.57068597676016,0.0,268.57068597676016
t1092,0.0,268.57068597676016,0.0,268.57068597676016
t1093,0.0,268.57068597676016,0.0,268.57068597676016
t1094,0.0,268.57068597676016,0.0,268.57068597676016
t1095,0.0,268.57068597676016,0.0,268.57068597676016
t1096,0.0,268.57068597676016,0.0,268.57068597676016
t1097,37.592819992943845,268.57068597676016,63.08669947608797,369.250205445792
t1098,1318.3899686872703,777.1068961102706,136.33687014371202,2231.833734941253
t1099,1438.936650093217,794.58782833361,131.33116852101298,2364.85564694784
t1100,1438.936650093217,794.58782833361,131.33116852101298,2364.85564694784
t1101,1438.936650093217,794.58782833361,131.33116852101298,2364.85564694784
t1102,1438.936650093217,794.58782833361,62.25097387896014,2295.775452305787
t1103,1438.936650093217,777.1068961102706,62.25097387896014,2278.2945200824474
t1104,673.4223522436256,268.57068597676016,62.25097387896014,1004.2440120993459
t1105,673.4223522436256,268.57068597676016,62.25097387896014,1004.2440120993459
t1106,673.4223522436256,268.57068597676016,62.25097387896014,1004.2440120993459
t1107,673.4223522436256,268.57068597676016,62.25097387896014,1004.2440120993459
t1108,1387.5193359597158,286.0516182000996,338.73131526461987,2012.302269424435
t1109,1438.936650093217,794.58782833361,372.32496877273053,2605.8494471995577
t1110,1438.936650093217,794.58782833361,372.32496877273053,2605.8494471995577
t1111,1438.936650093217,794.58782833361,372.32496877273053,2605.8494471995577
t1112,1252.0981348162934,286.0516182000996,372.32496877273053,1910.4747217891234
t1113,673.4223522436256,268.57068597676016,210.68928611530544,1152.6823243356912
t1114,673.4223522436256,268.57068597676016,176.48203519827427,1118.47507341866
t1115,673.4223522436256,268.57068597676016,176.48203519827427,1118.47507341866
t1116,673.4223522436256,268.57068597676016,176.48203519827427,1118.47507341866
t1117,673.4223522436256,268.57068597676016,176.48203519827427,1118.47507341866
t1118,673.4223522436256,268.57068597676016,176.48203519827427,1118.47507341866
t1119,673.4223522436256,268.57068597676016,176.48203519827427,1118.47507341866
t1120,1377.8503177182927,268.57068597676016,372.32496877273053,2018.7459724677833
t1121,1763.1358876386491,286.0516182000996,372.32496877273053,2421.5124746114793
t1122,1977.8859925521153,794.58782833361,372.32496877273053,3144.798789658456
t1123,1977.8859925521153,794.58782833361,372.32496877273053,3144.798789658456
t1124,1977.8859925521153,794.58782833361,372.32496877273053,3144.798789658456
t1125,1977.8859925521153,794.58782833361,372.32496877273053,3144.798789658456
t1126,1977.8859925521153,794.58782833361,372.32496877273053,3144.798789658456
t1127,1977.8859925521153,794.58782833361,372.32496877273053,3144.798789658456
t1128,1977.8859925521153,794.58782833361,372.32496877273053,3144.798789658456
t1129,1977.8859925521153,794.58782833361,372.32496877273053,3144.798789658456
t1130,1977.8859925521153,462.1259606129508,372.32496877273053,2812.336921937797
t1131,1738.8261890721562,268.57068597676016,372.32496877273053,2379.721843821647
t1132,1897.4714380890573,268.57068597676016,372.32496877273053,2538.367092838548
t1133,1977.8859925521153,610.8705123810084,372.32496877273053,2961.0814737058545
t1134,1977.8859925521153,794.58782833361,372.32496877273053,3144.798789658456
t1135,1846.9977911137241,602.4212370138939,372.32496877273053,2821.7439969003485
t1136,1368.527414662024,231.25629667672237,372.32496877273053,1972.1086801114768
t1137,325.3362774148286,231.25629667672237,238.28798001454757,794.8805541060985
t1138,0.0,231.25629667672237,0.0,231.25629667672237
t1139,0.0,231.25629667672237,0.0,231.25629667672237
t1140,0.0,231.25629667672237,0.0,231.25629667672237
t1141,0.0,231.25629667672237,0.0,231.25629667672237
t1142,0.0,231.25629667672237,0.0,231.25629667672237
t1143,0.0,231.25629667672237,0.0,231.25629667672237
t1144,0.0,231.25629667672237,0.0,231.25629667672237
t1145,0.0,231.25629667672237,0.0,231.25629667672237
t1146,0.0,231.25629667672231,0.0,231.25629667672231
t1147,0.0,669.1380418634157,0.0,669.1380418634157
t1148,0.0,684.1902268542082,0.0,684.1902268542082
t1149,0.0,684.1902268542082,0.0,684.1902268542082
t1150,0.0,684.1902268542082,0.0,684.1902268542082
t1151,0.0,684.1902268542082,0.0,684.1902268542082
t1152,0.0,684.1902268542082,0.0,684.1902268542082
t1153,0.0,684.1902268542082,0.0,684.1902268542082
t1154,0.0,684.1902268542082,0.0,684.1902268542082
t1155,0.0,684.1902268542082,0.0,684.1902268542082
t1156,0.0,684.1902268542082,0.0,684.1902268542082
t1157,0.0,684.1902268542082,0.0,684.1902268542082
t1158,0.0,684.1902268542082,0.0,684.1902268542082
t1159,0.0,437.8817451866932,0.0,437.8817451866932
t1160,0.0,0.0,0.0,0.0
t1161,0.0,0.0,0.0,0.0
t1162,0.0,0.0,0.0,0.0
t1163,0.0,0.0,0.0,0.0
t1164,0.0,0.0,0.0,0.0
t1165,0.0,0.0,0.0,0.0
t1166,0.0,0.0,0.0,0.0
t1167,0.0,0.0,0.0,0.0
t1168,0.0,0.0,0.0,0.0
t1169,0.0,0.0,0.0,0.0
t1170,1050.5262270798798,481.9895979048537,0.0,1532.5158249847336
t1171,1155.4668799152514,523.3903637571009,0.0,1678.8572436723523
t1172,1155.4668799152514,523.3903637571009,0.0,1678.8572436723523
t1173,1155.4668799152514,511.87577575444465,0.0,1667.3426556696961
t1174,540.7584998003376,176.9059429499001,0.0,717.6644427502378
t1175,540.7584998003376,176.90594294990007,0.0,717.6644427502376
t1176,1155.4668799152514,511.87577575444453,0.0,1667.342655669696
t1177,3032.5922544267446,185.0394242427303,372.32496877273053,3589.9566474422054
t1178,3032.5922544267446,185.0394242427303,351.0486886343278,3568.6803673038025
t1179,2957.5790284722743,185.0394242427303,238.59436028597005,3381.2128130009746
t1180,2843.7903589819393,185.0394242427303,255.44105518302635,3284.270838407696
t1181,2827.838762347993,185.0394242427303,304.3196330050994,3317.1978195958227
t1182,3032.5922544267446,185.0394242427303,372.32496877273053,3589.9566474422054
t1183,3032.5922544267446,185.0394242427303,372.32496877273053,3589.9566474422054
t1184,2212.4911031327856,118.42523151534738,372.32496877273053,2703.2413034208635
t1185,271.63206029966864,0.0,134.03698875818299,405.6690490578516
t1186,0.0,0.0,0.0,0.0
t1187,0.0,0.0,0.0,0.0
t1188,0.0,0.0,0.0,0.0
t1189,0.0,0.0,0.0,0.0
t1190,0.0,0.0,0.0,0.0
t1191,0.0,0.0,0.0,0.0
t1192,0.0,0.0,0.0,0.0
t1193,0.0,0.0,0.0,0.0
t1194,0.0,0.0,0.0,0.0
t1195,0.0,0.0,0.0,0.0
t1196,0.0,0.0,0.0,0.0
t1197,0.0,0.0,0.0,0.0
t1198,0.0,0.0,0.0,0.0
t1199,0.0,0.0,0.0,0.0
t1200,0.0,0.0,0.0,0.0
t1201,0.0,0.0,0.0,0.0
t1202,0.0,0.0,0.0,0.0
t1203,0.0,0.0,0.0,0.0
t1204,0.0,0.0,0.0,0.0
t1205,0.0,0.0,0.0,0.0
t1206,0.0,0.0,0.0,0.0
t1207,0.0,0.0,0.0,0.0
t1208,0.0,0.0,0.0,0.0
t1209,0.0,0.0,0.0,0.0
t1210,0.0,0.0,0.0,0.0
t1211,0.0,0.0,0.0,0.0
t1212,0.0,0.0,0.0,0.0
t1213,0.0,0.0,0.0,0.0
t1214,0.0,0.0,0.0,0.0
t1215,0.0,0.0,0.0,0.0
t1216,0.0,0.0,0.0,0.0
t1217,2402.324002695959,0.0,0.0,2402.324002695959
t1218,2642.30035232576,0.0,0.0,2642.30035232576
t1219,1236.5965648884555,0.0,0.0,1236.5965648884555
t1220,1236.5965648884555,0.0,0.0,1236.5965648884555
t1221,2642.30035232576,0.0,35.62590674617838,2677.926259071938
t1222,2642.30035232576,0.0,44.61723395688819,2686.9175862826482
t1223,2642.30035232576,0.0,44.61723395688819,2686.9175862826482
t1224,2642.30035232576,0.0,44.61723395688819,2686.9175862826482
t1225,2642.30035232576,0.0,44.61723395688819,2686.9175862826482
t1226,2642.30035232576,0.0,44.61723395688819,2686.9175862826482
t1227,2642.30035232576,0.0,44.61723395688819,2686.9175862826482
t1228,2642.30035232576,0.0,44.61723395688819,2686.9175862826482
t1229,2642.30035232576,0.0,44.61723395688819,2686.9175862826482
t1230,2642.30035232576,0.0,44.61723395688819,2686.9175862826482
t1231,2642.30035232576,0.0,44.61723395688819,2686.9175862826482
t1232,2477.131921526591,0.0,44.61723395688819,2521.7491554834796
t1233,786.0596960381048,0.0,16.062204224479746,802.1219002625845
t1234,0.0,0.0,0.0,0.0
t1235,0.0,0.0,0.0,0.0
t1236,0.0,0.0,0.0,0.0
t1237,0.0,0.0,0.0,0.0
t1238,0.0,0.0,0.0,0.0
t1239,0.0,0.0,0.0,0.0
t1240,1238.9339429750014,0.0,102.81492228720629,1341.7488652622078
t1241,3124.8060901835547,455.89529544490125,222.19366086856053,3802.8950464970167
t1242,3069.4276657460564,495.0546766056151,214.03566833440016,3778.5180106860716
t1243,2222.7744277394,178.21968357802143,101.45290679050565,2502.447018107927
t1244,1436.4921475691544,167.32848069269792,101.45290679050566,1705.273535052358
t1245,3069.4276657460564,484.16347372029156,364.8263543864053,3918.4174938527535
t1246,3069.4276657460564,495.0546766056151,372.32496877273053,3936.807311124402
t1247,3069.4276657460564,495.0546766056151,372.32496877273053,3936.807311124402
t1248,3069.4276657460564,495.0546766056151,372.32496877273053,3936.807311124402
t1249,3069.4276657460564,495.0546766056151,372.32496877273053,3936.807311124402
t1250,3069.4276657460564,495.0546766056151,372.32496877273053,3936.807311124402
t1251,3069.4276657460564,495.0546766056151,372.32496877273053,3936.807311124402
t1252,3069.4276657460564,495.0546766056151,372.32496877273053,3936.807311124402
t1253,3069.4276657460564,495.0546766056151,372.32496877273053,3936.807311124402
t1254,3069.4276657460564,495.0546766056151,372.32496877273053,3936.807311124402
t1255,3069.4276657460564,495.0546766056151,372.32496877273053,3936.807311124402
t1256,3069.4276657460564,495.0546766056151,372.32496877273053,3936.807311124402
t1257,1492.3506306954812,178.21968357802143,331.64184018762467,2002.2121544611273
t1258,1436.4921475691544,167.32848069269792,93.35386017307705,1697.1744884349293
t1259,1436.4921475691544,167.32848069269792,93.35386017307705,1697.1744884349293
t1260,1436.4921475691544,167.32848069269792,93.35386017307705,1697.1744884349293
t1261,1436.4921475691544,167.32848069269792,93.35386017307705,1697.1744884349293
t1262,1436.4921475691544,167.32848069269792,93.35386017307705,1697.1744884349293
t1263,1436.4921475691544,167.32848069269792,93.35386017307708,1697.1744884349293
t1264,1436.4921475691544,167.32848069269792,93.35386017307708,1697.1744884349293
t1265,3297.0100806469286,599.8023460061427,359.43516771181334,4256.247594364884
t1266,3248.7423362352906,620.6264144465223,372.32496877273053,4241.6937194545435
t1267,3248.7423362352906,620.6264144465223,372.32496877273053,4241.6937194545435
t1268,3248.7423362352906,620.6264144465223,372.32496877273053,4241.6937194545435
t1269,3248.7423362352906,620.6264144465223,372.32496877273053,4241.6937194545435
t1270,3248.7423362352906,620.6264144465223,372.32496877273053,4241.6937194545435
t1271,3248.7423362352906,620.6264144465223,372.32496877273053,4241.6937194545435
t1272,3248.7423362352906,620.6264144465223,372.32496877273053,4241.6937194545435
t1273,3248.7423362352906,620.6264144465223,372.32496877273053,4241.6937194545435
t1274,3248.7423362352906,620.6264144465223,372.32496877273053,4241.6937194545435
t1275,3184.318988618277,620.6264144465223,372.32496877273053,4177.27037183753
t1276,3179.6348372801945,620.6264144465223,372.32496877273053,4172.586220499447
t1277,3248.7423362352906,620.6264144465223,372.32496877273053,4241.6937194545435
t1278,3248.7423362352906,620.6264144465223,372.32496877273053,4241.6937194545435
t1279,3248.7423362352906,620.6264144465223,372.32496877273053,4241.6937194545435
t1280,3248.7423362352906,620.6264144465223,372.32496877273053,4241.6937194545435
t1281,2306.29264014946,223.42550920074802,238.28798001454757,2768.0061293647555
t1282,1438.7471889698347,209.77172808292454,0.0,1648.5189170527592
t1283,1438.7471889698347,209.77172808292454,0.0,1648.5189170527592
t1284,1438.7471889698347,209.77172808292454,0.0,1648.5189170527592
t1285,1438.7471889698347,209.77172808292454,0.0,1648.5189170527592
t1286,1438.7471889698347,209.77172808292454,0.0,1648.5189170527592
t1287,1438.7471889698347,209.77172808292454,0.0,1648.5189170527592
t1288,2719.5788755325552,223.42550920074802,297.29352181688205,3240.297906550185
t1289,3074.2461302774245,620.6264144465223,372.32496877273053,4067.1975134966774
t1290,3074.2461302774245,620.6264144465223,372.32496877273053,4067.1975134966774
t1291,3074.2461302774245,620.6264144465223,372.32496877273053,4067.1975134966774
t1292,3074.2461302774245,620.6264144465223,372.32496877273053,4067.1975134966774
t1293,3074.2461302774245,620.6264144465223,372.32496877273053,4067.1975134966774
t1294,3074.2461302774245,620.6264144465223,372.32496877273053,4067.1975134966774
t1295,3074.2461302774245,620.6264144465223,372.32496877273053,4067.1975134966774
t1296,3074.2461302774245,620.6264144465223,372.32496877273053,4067.1975134966774
t1297,3074.2461302774245,620.6264144465223,372.32496877273053,4067.1975134966774
t1298,3074.2461302774245,620.6264144465223,372.32496877273053,4067.1975134966774
t1299,3008.981723095428,620.6264144465223,372.32496877273053,4001.933106314681
t1300,2948.539617080182,620.6264144465223,308.6136682356828,3877.779699762387
t1301,3074.2461302774245,620.6264144465223,372.32496877273053,4067.1975134966774
t1302,3074.2461302774245,620.6264144465223,372.32496877273053,4067.1975134966774
t1303,3074.2461302774245,620.6264144465223,372.32496877273053,4067.1975134966774
t1304,2384.923847111041,397.20090524577427,372.32496877273053,3154.449721129546
t1305,417.4063237334891,0.0,134.03698875818299,551.443312491672
t1306,0.0,0.0,0.0,0.0
t1307,0.0,0.0,0.0,0.0
t1308,0.0,0.0,0.0,0.0
t1309,0.0,0.0,0.0,0.0
t1310,0.0,0.0,0.0,0.0
t1311,0.0,0.0,0.0,0.0
t1312,381.5175016996247,0.0,178.8513243042598,560.3688260038845
t1313,3056.5855680953237,170.40259787566487,386.5161750289882,3613.5043409999766
t1314,3248.7423362352906,185.0394242427303,372.32496877273053,3806.1067292507514
t1315,3248.7423362352906,185.0394242427303,372.32496877273053,3806.1067292507514
t1316,3248.7423362352906,185.0394242427303,372.32496877273053,3806.1067292507514
t1317,3248.7423362352906,185.0394242427303,372.32496877273053,3806.1067292507514
t1318,3248.7423362352906,185.0394242427303,372.32496877273053,3806.1067292507514
t1319,3248.7423362352906,185.0394242427303,372.32496877273053,3806.1067292507514
t1320,3248.7423362352906,185.0394242427303,372.32496877273053,3806.1067292507514
t1321,3248.7423362352906,185.0394242427303,372.32496877273053,3806.1067292507514
t1322,3248.7423362352906,185.0394242427303,372.32496877273053,3806.1067292507514
t1323,3248.7423362352906,185.0394242427303,372.32496877273053,3806.1067292507514
t1324,3248.7423362352906,185.0394242427303,372.32496877273053,3806.1067292507514
t1325,3248.7423362352906,185.0394242427303,372.32496877273053,3806.1067292507514
t1326,3248.7423362352906,185.0394242427303,372.32496877273053,3806.1067292507514
t1327,3248.7423362352906,185.0394242427303,372.32496877273053,3806.1067292507514
t1328,2421.3581146859146,180.96855690939023,372.32496877273053,2974.6516403680357
t1329,342.16301949532834,62.54332539404284,134.03698875818299,538.7433336475542
t1330,153.12417192983906,62.54332539404284,0.0,215.6674973238819
t1331,153.12417192983906,62.54332539404284,0.0,215.6674973238819
t1332,153.12417192983906,62.54332539404284,0.0,215.6674973238819
t1333,153.12417192983906,62.54332539404284,0.0,215.6674973238819
t1334,153.12417192983906,62.54332539404284,0.0,215.6674973238819
t1335,153.12417192983906,62.54332539404284,0.0,215.6674973238819
t1336,1432.2716103247426,62.54332539404284,178.8513243042598,1673.6662600230452
t1337,3167.213819492216,180.96855690939023,386.5161750289882,3734.6985514305943
t1338,3032.5922544267446,185.0394242427303,372.32496877273053,3589.9566474422054
t1339,3032.5922544267446,185.0394242427303,372.32496877273053,3589.9566474422054
t1340,3032.5922544267446,185.0394242427303,372.32496877273053,3589.9566474422054
t1341,3032.5922544267446,185.0394242427303,372.32496877273053,3589.9566474422054
t1342,3032.5922544267446,185.0394242427303,372.32496877273053,3589.9566474422054
t1343,3032.5922544267446,185.0394242427303,372.32496877273053,3589.9566474422054
t1344,3032.5922544267446,185.0394242427303,372.32496877273053,3589.9566474422054
t1345,1467.8844702401875,108.13302974300753,0.0,1576.017499983195
t1346,2349.584132514796,312.8819618007732,0.0,2662.466094315569
t1347,2067.489253095517,295.60635009847596,0.0,2363.095603193993
t1348,2373.849019546898,219.95051824691296,0.0,2593.799537793811
t1349,2616.0206000223634,115.17127428249323,0.0,2731.191874304857
t1350,2616.0206000223634,319.92020634025897,0.0,2935.9408063626224
t1351,2616.0206000223634,319.92020634025897,0.0,2935.9408063626224
t1352,2442.806729902255,204.74893205776573,0.0,2647.5556619600206
t1353,768.5535458879426,0.0,0.0,768.5535458879426
t1354,0.0,0.0,0.0,0.0
t1355,0.0,0.0,0.0,0.0
t1356,0.0,0.0,0.0,0.0
t1357,0.0,0.0,0.0,0.0
t1358,0.0,0.0,0.0,0.0
t1359,0.0,0.0,0.0,0.0
t1360,0.0,0.0,0.0,0.0
t1361,2953.6883216334636,731.7350383171087,297.29352181688205,3982.7168817674547
t1362,3248.7423362352906,794.58782833361,372.32496877273053,4415.655133341631
t1363,3248.7423362352906,794.58782833361,372.32496877273053,4415.655133341631
t1364,3248.7423362352906,794.58782833361,372.32496877273053,4415.655133341631
t1365,3248.7423362352906,794.58782833361,372.32496877273053,4415.655133341631
t1366,3248.7423362352906,794.58782833361,372.32496877273053,4415.655133341631
t1367,3248.7423362352906,794.58782833361,372.32496877273053,4415.655133341631
t1368,3248.7423362352906,794.58782833361,372.32496877273053,4415.655133341631
t1369,3248.7423362352906,794.58782833361,372.32496877273053,4415.655133341631
t1370,3248.7423362352906,794.58782833361,372.32496877273053,4415.655133341631
t1371,3248.7423362352906,794.58782833361,372.32496877273053,4415.655133341631
t1372,3248.7423362352906,794.58782833361,372.32496877273053,4415.655133341631
t1373,3248.7423362352906,794.58782833361,372.32496877273053,4415.655133341631
t1374,3248.7423362352906,794.58782833361,372.32496877273053,4415.655133341631
t1375,3248.7423362352906,794.58782833361,372.32496877273053,4415.655133341631
t1376,3248.7423362352906,794.58782833361,372.32496877273053,4415.655133341631
t1377,3248.7423362352906,794.58782833361,372.32496877273053,4415.655133341631
t1378,3248.7423362352906,794.58782833361,372.32496877273053,4415.655133341631
t1379,3248.7423362352906,777.1068961102706,372.32496877273053,4398.174201118291
t1380,3248.7423362352906,268.57068597676016,372.32496877273053,3889.6379909847815
t1381,3248.7423362352906,372.4957235768092,372.32496877273053,3993.5630285848306
t1382,3248.7423362352906,268.57068597676016,372.32496877273053,3889.6379909847815
t1383,3248.7423362352906,286.0516182000996,372.32496877273053,3907.118923208121
t1384,3248.7423362352906,794.58782833361,372.32496877273053,4415.655133341631
t1385,3248.7423362352906,794.58782833361,372.32496877273053,4415.655133341631
t1386,3248.7423362352906,794.58782833361,372.32496877273053,4415.655133341631
t1387,3248.7423362352906,794.58782833361,372.32496877273053,4415.655133341631
t1388,3248.7423362352906,794.58782833361,372.32496877273053,4415.655133341631
t1389,3248.7423362352906,794.58782833361,372.32496877273053,4415.655133341631
t1390,3248.7423362352906,794.58782833361,372.32496877273053,4415.655133341631
t1391,3248.7423362352906,794.58782833361,372.32496877273053,4415.655133341631
t1392,3248.7423362352906,794.58782833361,372.32496877273053,4415.655133341631
t1393,3248.7423362352906,794.58782833361,372.32496877273053,4415.655133341631
t1394,3248.7423362352906,794.58782833361,372.32496877273053,4415.655133341631
t1395,3248.7423362352906,794.58782833361,372.32496877273053,4415.655133341631
t1396,3248.7423362352906,794.58782833361,372.32496877273053,4415.655133341631
t1397,3248.7423362352906,794.58782833361,372.32496877273053,4415.655133341631
t1398,3248.7423362352906,794.58782833361,372.32496877273053,4415.655133341631
t1399,3248.7423362352906,794.58782833361,372.32496877273053,4415.655133341631
t1400,3248.7423362352906,794.58782833361,372.32496877273053,4415.655133341631
t1401,2290.0355022819135,286.0516182000996,372.32496877273053,2948.412089254744
t1402,1520.4114133581163,201.12583233364305,176.48203519827427,1898.0192808900338
t1403,1520.4114133581163,201.12583233364305,176.48203519827427,1898.0192808900338
t1404,1520.4114133581163,201.12583233364305,176.48203519827427,1898.0192808900338
t1405,1520.4114133581163,201.12583233364305,176.48203519827427,1898.0192808900338
t1406,1520.4114133581163,201.12583233364305,176.48203519827427,1898.0192808900338
t1407,1520.4114133581163,201.12583233364305,176.48203519827427,1898.0192808900338
t1408,1520.4114133581163,201.12583233364305,176.48203519827427,1898.0192808900338
t1409,3248.7423362352906,581.9558107168725,372.32496877273053,4203.023115724894
t1410,3248.7423362352906,595.046841223796,372.32496877273053,4216.114146231817
t1411,3248.7423362352906,595.046841223796,372.32496877273053,4216.114146231817
t1412,3248.7423362352906,595.046841223796,372.32496877273053,4216.114146231817
t1413,3248.7423362352906,595.046841223796,372.32496877273053,4216.114146231817
t1414,3248.7423362352906,595.046841223796,372.32496877273053,4216.114146231817
t1415,3248.7423362352906,595.046841223796,372.32496877273053,4216.114146231817
t1416,3248.7423362352906,595.046841223796,372.32496877273053,4216.114146231817
t1417,3248.7423362352906,595.046841223796,372.32496877273053,4216.114146231817
t1418,3142.7893781990974,387.2575675092841,238.28798001454757,3768.334925722929
t1419,2750.96406153806,448.3298905536061,0.0,3199.293952091666
t1420,2560.55826266411,595.046841223796,0.0,3155.605103887906
t1421,2896.4783656044106,405.89785071565524,0.0,3302.376216320066
t1422,3248.7423362352906,595.046841223796,0.0,3843.7891774590867
t1423,3248.7423362352906,595.046841223796,0.0,3843.7891774590867
t1424,3248.7423362352906,405.2365577977711,0.0,3653.978894033062
t1425,1169.5472410447048,24.406579414541714,0.0,1193.9538204592466
t1426,0.0,0.0,0.0,0.0
t1427,0.0,0.0,0.0,0.0
t1428,0.0,0.0,0.0,0.0
t1429,0.0,0.0,0.0,0.0
t1430,0.0,0.0,0.0,0.0
t1431,0.0,0.0,0.0,0.0
t1432,0.0,0.0,0.0,0.0
t1433,2708.033069787168,0.0,0.0,2708.033069787168
t1434,2978.5477422605786,0.0,0.0,2978.5477422605786
t1435,2978.5477422605786,0.0,0.0,2978.5477422605786
t1436,2978.5477422605786,0.0,0.0,2978.5477422605786
t1437,2978.5477422605786,0.0,0.0,2978.5477422605786
t1438,1643.0830211686882,0.0,0.0,1643.0830211686882
t1439,2035.063258173964,0.0,0.0,2035.063258173964
t1440,1480.3679962873364,0.0,0.0,1480.3679962873364
t1441,1393.9603433779507,0.0,0.0,1393.9603433779507
t1442,1439.4869094504215,0.0,0.0,1439.4869094504215
t1443,1831.266140536832,0.0,0.0,1831.266140536832
t1444,2228.0872662612196,0.0,0.0,2228.0872662612196
t1445,2978.5477422605786,0.0,0.0,2978.5477422605786
t1446,2978.5477422605786,0.0,0.0,2978.5477422605786
t1447,2978.5477422605786,0.0,0.0,2978.5477422605786
t1448,2978.5477422605786,0.0,0.0,2978.5477422605786
t1449,2926.7485764655044,0.0,0.0,2926.7485764655044
t1450,1393.9603433779507,0.0,0.0,1393.9603433779507
t1451,1393.9603433779507,0.0,0.0,1393.9603433779507
t1452,1393.9603433779507,0.0,0.0,1393.9603433779507
t1453,1393.9603433779507,0.0,0.0,1393.9603433779507
t1454,1393.9603433779507,0.0,0.0,1393.9603433779507
t1455,1393.9603433779507,0.0,0.0,1393.9603433779507
t1456,2162.358742520136,196.8690668868217,297.29352181688205,2656.5213312238393
t1457,3321.4730479377704,307.1764893570675,372.32496877273053,4000.9745060675687
t1458,3248.7423362352906,307.1764893570675,372.32496877273053,3928.243794365089
t1459,3248.7423362352906,307.1764893570675,372.32496877273053,3928.243794365089
t1460,3248.7423362352906,307.1764893570675,372.32496877273053,3928.243794365089
t1461,3248.7423362352906,307.1764893570675,372.32496877273053,3928.243794365089
t1462,3248.7423362352906,307.1764893570675,372.32496877273053,3928.243794365089
t1463,3248.7423362352906,307.1764893570675,372.32496877273053,3928.243794365089
t1464,3248.7423362352906,307.1764893570675,372.32496877273053,3928.243794365089
t1465,3248.7423362352906,307.1764893570675,372.32496877273053,3928.243794365089
t1466,3154.6882306121624,110.5835361685443,372.32496877273053,3637.5967355534376
t1467,2704.0784595941445,103.82565340268881,372.32496877273053,3180.229081769564
t1468,2367.5924516699006,103.82565340268881,372.32496877273053,2843.74307384532
t1469,2218.353078094517,103.82565340268881,372.32496877273053,2694.5037002699364
t1470,2570.7529262716507,103.82565340268881,372.32496877273053,3046.90354844707
t1471,2785.834111859412,103.82565340268881,372.32496877273053,3261.9847340348315
t1472,3248.7423362352906,300.41860659121204,372.32496877273053,3921.4859115992335
t1473,1520.4114133581163,103.82565340268881,176.48203519827427,1800.7191019590796
t1474,1520.4114133581163,103.82565340268881,176.48203519827427,1800.7191019590796
t1475,1520.4114133581163,103.82565340268881,176.48203519827427,1800.7191019590796
t1476,1520.4114133581163,103.82565340268881,176.48203519827427,1800.7191019590796
t1477,1520.4114133581163,103.82565340268881,176.48203519827427,1800.7191019590796
t1478,1520.4114133581163,103.82565340268881,176.48203519827427,1800.7191019590796
t1479,1520.4114133581163,103.82565340268881,176.48203519827427,1800.7191019590796
t1480,1520.4114133581163,103.82565340268881,176.48203519827427,1800.7191019590796
t1481,3248.7423362352906,312.1542812422499,372.32496877273053,3933.2215862502712
t1482,3248.7423362352906,319.92020634025897,372.32496877273053,3940.9875113482803
t1483,3248.7423362352906,319.92020634025897,372.32496877273053,3940.9875113482803
t1484,3248.7423362352906,319.92020634025897,372.32496877273053,3940.9875113482803
t1485,3248.7423362352906,319.92020634025897,372.32496877273053,3940.9875113482803
t1486,3248.7423362352906,319.92020634025897,372.32496877273053,3940.9875113482803
t1487,3248.7423362352906,319.92020634025897,372.32496877273053,3940.9875113482803
t1488,3248.7423362352906,319.92020634025897,372.32496877273053,3940.9875113482803
t1489,3101.0588027999997,319.92020634025897,289.1234149900572,3710.1024241303157
t1490,2950.854963,319.92020634025897,193.74211664146543,3464.517285981725
t1491,2836.5672521012434,319.92020634025897,236.59942535969287,3393.086883801195
t1492,2820.7571490000005,319.92020634025897,58.34322724061921,3199.020582580879
t1493,2780.1183416258027,319.92020634025897,0.0,3100.0385479660617
t1494,2772.410976767889,319.92020634025897,0.0,3092.3311831081483
t1495,2738.1230201515705,319.92020634025897,0.0,3058.0432264918295
t1496,2750.9249592256347,319.92020634025897,0.0,3070.8451655658937
t1497,2330.190322166171,312.88196180077324,0.0,2643.0722839669443
t1498,1224.2976408104662,108.13302974300755,0.0,1332.4306705534736
t1499,1224.2976408104662,108.13302974300755,0.0,1332.4306705534736
t1500,1224.2976408104662,108.13302974300755,0.0,1332.4306705534736
t1501,1224.2976408104662,108.13302974300755,0.0,1332.4306705534736
t1502,1224.2976408104662,108.13302974300755,0.0,1332.4306705534736
t1503,1224.2976408104662,108.13302974300753,0.0,1332.4306705534736
t1504,1294.6048700470358,312.8819618007733,0.0,1607.486831847809
t1505,2616.0206000223634,319.92020634025897,0.0,2935.9408063626224
t1506,2616.0206000223634,319.92020634025897,0.0,2935.9408063626224
t1507,2616.0206000223634,319.92020634025897,0.0,2935.9408063626224
t1508,2616.0206000223634,319.92020634025897,0.0,2935.9408063626224
t1509,2616.0206000223634,319.92020634025897,0.0,2935.9408063626224
t1510,2616.0206000223634,319.92020634025897,0.0,2935.9408063626224
t1511,2616.0206000223634,319.92020634025897,0.0,2935.9408063626224
t1512,1958.5536413251186,312.8819618007732,0.0,2271.4356031258917
t1513,2063.6230414559864,0.0,0.0,2063.6230414559864
t1514,2079.2828347055183,0.0,0.0,2079.2828347055183
t1515,2079.2828347055183,0.0,0.0,2079.2828347055183
t1516,2079.2828347055183,0.0,0.0,2079.2828347055183
t1517,2079.2828347055183,0.0,0.0,2079.2828347055183
t1518,2079.2828347055183,0.0,0.0,2079.2828347055183
t1519,2079.2828347055183,0.0,0.0,2079.2828347055183
t1520,1893.254247763625,0.0,0.0,1893.254247763625
t1521,562.5132335520933,0.0,0.0,562.5132335520933
t1522,0.0,0.0,0.0,0.0
t1523,0.0,0.0,0.0,0.0
t1524,0.0,0.0,0.0,0.0
t1525,0.0,0.0,0.0,0.0
t1526,0.0,0.0,0.0,0.0
t1527,0.0,0.0,0.0,0.0
t1528,0.0,317.7090510604753,0.0,317.7090510604753
t1529,2695.5343422538112,761.0476521925914,290.7374140065312,3747.319408452934
t1530,2964.8004741452237,794.58782833361,364.1142192722316,4123.502521751066
t1531,2964.8004741452237,794.58782833361,364.1142192722316,4123.502521751066
t1532,2964.8004741452237,794.58782833361,364.1142192722316,4123.502521751066
t1533,2964.8004741452237,794.58782833361,364.1142192722316,4123.502521751066
t1534,2964.8004741452237,794.58782833361,364.1142192722316,4123.502521751066
t1535,2964.8004741452237,794.58782833361,364.1142192722316,4123.502521751066
t1536,2964.8004741452237,794.58782833361,364.1142192722316,4123.502521751066
t1537,2964.8004741452237,794.58782833361,364.1142192722316,4123.502521751066
t1538,2932.272356309838,794.58782833361,364.1142192722316,4090.9744039156794
t1539,2851.2885409243863,794.58782833361,364.1142192722316,4009.990588530228
t1540,2837.955300416672,794.58782833361,364.1142192722316,3996.6573480225134
t1541,2964.8004741452237,794.58782833361,364.1142192722316,4123.502521751066
t1542,2964.8004741452237,794.58782833361,364.1142192722316,4123.502521751066
t1543,2964.8004741452237,794.58782833361,364.1142192722316,4123.502521751066
t1544,2964.8004741452237,794.58782833361,364.1142192722316,4123.502521751066
t1545,1454.6363722852388,777.1068961102706,233.03310033422824,2464.7763687297374
t1546,1032.0874512005817,268.57068597676016,0.0,1300.6581371773418
t1547,1032.0874512005817,268.57068597676016,0.0,1300.6581371773418
t1548,1032.0874512005817,268.57068597676016,0.0,1300.6581371773418
t1549,1032.0874512005817,268.57068597676016,0.0,1300.6581371773418
t1550,1032.0874512005817,268.57068597676016,0.0,1300.6581371773418
t1551,1032.0874512005817,268.57068597676016,0.0,1300.6581371773418
t1552,1032.0874512005817,268.57068597676016,0.0,1300.6581371773418
t1553,2205.315066667909,777.1068961102706,0.0,2982.4219627781795
t1554,2205.315066667909,794.58782833361,0.0,2999.902895001519
t1555,2205.315066667909,794.58782833361,0.0,2999.902895001519
t1556,2205.315066667909,794.58782833361,0.0,2999.902895001519
t1557,2205.315066667909,794.58782833361,0.0,2999.902895001519
t1558,2002.2273312660434,794.58782833361,0.0,2796.8151595996533
t1559,2070.959812980385,794.58782833361,0.0,2865.547641313995
t1560,1211.3140957512392,794.58782833361,0.0,2005.9019240848493
t1561,572.9722751368525,794.58782833361,0.0,1367.5601034704625
t1562,545.8618698476922,400.15291440802554,0.0,946.0147842557178
t1563,545.8618698476922,776.1309265809322,0.0,1321.9927964286244
t1564,545.8618698476922,268.57068597676016,0.0,814.4325558244524
t1565,545.8618698476922,268.57068597676016,0.0,814.4325558244524
t1566,1000.456315242255,777.1068961102706,0.0,1777.5632113525255
t1567,1166.3715167685732,794.58782833361,0.0,1960.9593451021833
t1568,1166.3715167685732,794.58782833361,0.0,1960.9593451021833
t1569,746.4777707318868,508.5362101335102,0.0,1255.0139808653971
t1570,0.0,0.0,0.0,0.0
t1571,0.0,0.0,0.0,0.0
t1572,0.0,0.0,0.0,0.0
t1573,0.0,0.0,0.0,0.0
t1574,0.0,0.0,0.0,0.0
t1575,0.0,0.0,0.0,0.0
t1576,0.0,0.0,0.0,0.0
t1577,0.0,0.0,0.0,0.0
t1578,0.0,0.0,0.0,0.0
t1579,0.0,0.0,0.0,0.0
t1580,0.0,0.0,0.0,0.0
t1581,0.0,0.0,0.0,0.0
t1582,0.0,0.0,0.0,0.0
t1583,0.0,0.0,0.0,0.0
t1584,0.0,0.0,0.0,0.0
t1585,0.0,0.0,0.0,0.0
t1586,0.0,0.0,0.0,0.0
t1587,0.0,0.0,0.0,0.0
t1588,0.0,0.0,0.0,0.0
t1589,0.0,0.0,0.0,0.0
t1590,0.0,0.0,0.0,0.0
t1591,0.0,0.0,0.0,0.0
t1592,0.0,0.0,0.0,0.0
t1593,0.0,0.0,0.0,0.0
t1594,0.0,0.0,0.0,0.0
t1595,0.0,0.0,0.0,0.0
t1596,0.0,0.0,0.0,0.0
t1597,0.0,0.0,0.0,0.0
t1598,0.0,0.0,0.0,0.0
t1599,0.0,0.0,0.0,0.0
t1600,0.0,0.0,0.0,0.0
t1601,1949.6860657126022,731.7350383171087,0.0,2681.421104029711
t1602,2144.4468658581,794.58782833361,0.0,2939.03469419171
t1603,2144.4468658581,794.58782833361,0.0,2939.03469419171
t1604,2144.4468658581,794.58782833361,0.0,2939.03469419171
t1605,2144.4468658581,794.58782833361,0.0,2939.03469419171
t1606,2144.4468658581,794.58782833361,0.0,2939.03469419171
t1607,1959.6108260692586,508.5362101335102,0.0,2468.147036202769
t1608,587.1648319200749,0.0,0.0,587.1648319200749
t1609,0.0,0.0,0.0,0.0
t1610,0.0,0.0,0.0,0.0
t1611,0.0,0.0,0.0,0.0
t1612,0.0,0.0,0.0,0.0
t1613,0.0,0.0,0.0,0.0
t1614,0.0,0.0,0.0,0.0
t1615,0.0,0.0,0.0,0.0
t1616,0.0,0.0,0.0,0.0
t1617,0.0,0.0,0.0,0.0
t1618,0.0,0.0,0.0,0.0
t1619,0.0,0.0,0.0,0.0
t1620,0.0,0.0,0.0,0.0
t1621,0.0,0.0,0.0,0.0
t1622,0.0,0.0,0.0,0.0
t1623,0.0,0.0,0.0,0.0
t1624,1720.7521008906058,731.7350383171087,0.0,2452.4871392077143
t1625,1530.1860098055456,777.1068961102706,0.0,2307.292905915816
t1626,885.7573477174398,268.57068597676016,0.0,1154.3280336941998
t1627,2371.2069285766092,777.1068961102706,259.1587359668378,3407.4725606537177
t1628,2269.7089385029158,794.58782833361,324.5656605173759,3388.8624273539017
t1629,2269.7089385029158,794.58782833361,324.5656605173759,3388.8624273539017
t1630,2269.7089385029158,794.58782833361,324.5656605173759,3388.8624273539017
t1631,2269.7089385029158,794.58782833361,324.5656605173759,3388.8624273539017
t1632,2269.7089385029158,794.58782833361,324.5656605173759,3388.8624273539017
t1633,1624.38849638873,794.58782833361,153.8441230852362,2572.8204478075763
t1634,1353.8329655681478,794.58782833361,153.8441230852362,2302.264916986994
t1635,1632.4796970232967,794.58782833361,153.8441230852362,2580.911648442143
t1636,2158.9474286626287,794.58782833361,153.8441230852362,3107.379380081475
t1637,2269.7089385029158,794.58782833361,324.5656605173759,3388.8624273539017
t1638,2269.7089385029158,794.58782833361,324.5656605173759,3388.8624273539017
t1639,2269.7089385029158,794.58782833361,324.5656605173759,3388.8624273539017
t1640,2269.7089385029158,794.58782833361,324.5656605173759,3388.8624273539017
t1641,2269.7089385029158,794.58782833361,324.5656605173759,3388.8624273539017
t1642,2269.7089385029158,794.58782833361,119.79210131960104,3184.088868156127
t1643,881.7187826287991,638.9490456410635,0.0,1520.6678282698626
t1644,881.7187826287991,268.57068597676016,0.0,1150.2894686055593
t1645,881.7187826287991,268.57068597676016,0.0,1150.2894686055593
t1646,881.7187826287991,268.57068597676016,0.0,1150.2894686055593
t1647,881.7187826287991,268.57068597676016,0.0,1150.2894686055593
t1648,881.7187826287991,742.7193040805031,0.0,1624.4380867093023
t1649,1884.0144927965791,794.58782833361,0.0,2678.602321130189
t1650,1884.0144927965791,794.58782833361,0.0,2678.602321130189
t1651,1884.0144927965791,794.58782833361,0.0,2678.602321130189
t1652,1884.0144927965791,794.58782833361,0.0,2678.602321130189
t1653,1884.0144927965791,777.1068961102706,0.0,2661.1213889068495
t1654,846.0004850357448,268.57068597676016,0.0,1114.571171012505
t1655,1415.3238783652175,777.1068961102706,0.0,2192.430774475488
t1656,258.40013814539554,268.57068597676016,0.0,526.9708241221557
t1657,0.0,0.0,0.0,0.0
t1658,0.0,0.0,0.0,0.0
t1659,0.0,0.0,0.0,0.0
t1660,0.0,0.0,0.0,0.0
t1661,0.0,0.0,0.0,0.0
t1662,0.0,0.0,0.0,0.0
t1663,0.0,0.0,0.0,0.0
t1664,0.0,0.0,0.0,0.0
t1665,0.0,0.0,0.0,0.0
t1666,0.0,0.0,0.0,0.0
t1667,0.0,0.0,0.0,0.0
t1668,0.0,0.0,0.0,0.0
t1669,0.0,0.0,0.0,0.0
t1670,0.0,0.0,0.0,0.0
t1671,0.0,0.0,0.0,0.0
t1672,998.8567796243209,0.0,0.0,998.8567796243209
t1673,2298.4037521171726,0.0,0.0,2298.4037521171726
t1674,2231.691334250272,0.0,0.0,2231.691334250272
t1675,2231.691334250272,0.0,0.0,2231.691334250272
t1676,2231.691334250272,0.0,0.0,2231.691334250272
t1677,2231.691334250272,0.0,0.0,2231.691334250272
t1678,1469.7979770401014,0.0,0.0,1469.7979770401014
t1679,993.9083639802516,0.0,0.0,993.9083639802516
t1680,973.1043666421826,0.0,0.0,973.1043666421826
t1681,0.0,0.0,0.0,0.0
t1682,0.0,0.0,0.0,0.0
t1683,0.0,0.0,0.0,0.0
t1684,0.0,0.0,0.0,0.0
t1685,0.0,0.0,0.0,0.0
t1686,0.0,0.0,0.0,0.0
t1687,0.0,0.0,0.0,0.0
t1688,0.0,0.0,0.0,0.0
t1689,0.0,0.0,0.0,0.0
t1690,0.0,0.0,0.0,0.0
t1691,0.0,0.0,0.0,0.0
t1692,0.0,0.0,0.0,0.0
t1693,0.0,0.0,0.0,0.0
t1694,0.0,0.0,0.0,0.0
t1695,0.0,0.0,0.0,0.0
t1696,0.0,0.0,0.0,0.0
t1697,98.52097814160012,0.0,0.0,98.52097814160012
t1698,133.64593620000016,0.0,0.0,133.64593620000016
t1699,85.54916860000021,0.0,0.0,85.54916860000021
t1700,62.546298141600076,0.0,0.0,62.546298141600076
t1701,62.546298141600076,0.0,0.0,62.546298141600076
t1702,62.546298141600076,0.0,0.0,62.546298141600076
t1703,0.0,0.0,0.0,0.0
t1704,0.0,0.0,0.0,0.0
t1705,0.0,0.0,0.0,0.0
t1706,0.0,0.0,0.0,0.0
t1707,0.0,0.0,0.0,0.0
t1708,0.0,0.0,0.0,0.0
t1709,0.0,0.0,0.0,0.0
t1710,0.0,0.0,0.0,0.0
t1711,0.0,0.0,0.0,0.0
t1712,0.0,0.0,0.0,0.0
t1713,0.0,0.0,0.0,0.0
t1714,0.0,0.0,0.0,0.0
t1715,0.0,0.0,0.0,0.0
t1716,0.0,0.0,0.0,0.0
t1717,0.0,0.0,0.0,0.0
t1718,0.0,0.0,0.0,0.0
t1719,184.9578412720329,64.37606470869923,0.0,249.33390598073214
t1720,118.69869491613207,462.5512283733957,0.0,581.2499232895277
t1721,273.06049986693034,716.0125343372565,0.0,989.0730342041868
t1722,462.6609475129146,794.58782833361,0.0,1257.2487758465245
t1723,216.5253234360441,286.0516182000996,0.0,502.5769416361437
t1724,216.5253234360441,741.949117188534,0.0,958.4744406245782
t1725,99.10435886542753,233.41290705502368,0.0,332.5172659204512
t1726,98.29318844626744,0.0,0.0,98.29318844626744
t1727,0.0,0.0,0.0,0.0
t1728,0.0,0.0,0.0,0.0
t1729,0.0,0.0,0.0,0.0
t1730,0.0,0.0,0.0,0.0
t1731,0.0,0.0,0.0,0.0
t1732,0.0,0.0,0.0,0.0
t1733,0.0,0.0,0.0,0.0
t1734,0.0,0.0,0.0,0.0
t1735,0.0,0.0,0.0,0.0
t1736,0.0,0.0,0.0,0.0
t1737,0.0,0.0,0.0,0.0
t1738,0.0,0.0,0.0,0.0
t1739,0.0,0.0,0.0,0.0
t1740,0.0,0.0,0.0,0.0
t1741,0.0,0.0,0.0,0.0
t1742,0.0,0.0,0.0,0.0
t1743,0.0,0.0,0.0,0.0
t1744,0.0,0.0,0.0,0.0
t1745,355.45132140787297,0.0,0.0,355.45132140787297
t1746,225.6591920113619,0.0,0.0,225.6591920113619
t1747,225.6591920113619,0.0,0.0,225.6591920113619
t1748,482.17776070803836,0.0,0.0,482.17776070803836
t1749,225.65919201136197,0.0,0.0,225.65919201136197
t1750,225.65919201136197,0.0,0.0,225.65919201136197
t1751,0.0,0.0,0.0,0.0
t1752,0.0,0.0,0.0,0.0
t1753,0.0,0.0,0.0,0.0
t1754,0.0,0.0,0.0,0.0
t1755,0.0,0.0,0.0,0.0
t1756,0.0,0.0,0.0,0.0
t1757,0.0,0.0,0.0,0.0
t1758,0.0,0.0,0.0,0.0
t1759,4.618148892780026,0.0,0.0,4.618148892780026
t1760,8.64990204756963,0.0,0.0,8.64990204756963
t1761,3.811396921206583,0.0,0.0,3.811396921206583
t1762,3.811396921206583,0.0,0.0,3.811396921206583
t1763,3.811396921206583,0.0,0.0,3.811396921206583
t1764,3.811396921206583,0.0,0.0,3.811396921206583
t1765,3.811396921206583,0.0,0.0,3.811396921206583
t1766,3.811396921206583,0.0,0.0,3.811396921206583
t1767,3.811396921206583,0.0,0.0,3.811396921206583
t1768,826.492671820437,191.73883886804398,0.0,1018.231510688481
t1769,1552.146348440007,299.17175068821734,0.0,1851.3180991282243
t1770,680.1091586148484,107.70183024775824,0.0,787.8109888626067
t1771,680.1091586148484,101.12005173261744,0.0,781.2292103474658
t1772,680.1091586148485,101.12005173261744,0.0,781.2292103474659
t1773,680.1091586148485,101.12005173762196,6.786015789569671e-10,781.2292103531491
t1774,157.82782051358234,0.0,0.0,157.82782051358234
t1775,0.0,0.0,0.0,0.0
t1776,0.0,0.0,0.0,0.0
t1777,0.0,0.0,0.0,0.0
t1778,0.0,0.0,0.0,0.0
t1779,0.0,0.0,0.0,0.0
t1780,0.0,0.0,0.0,0.0
t1781,0.0,0.0,0.0,0.0
t1782,0.0,0.0,0.0,0.0
t1783,0.0,0.0,0.0,0.0
t1784,0.0,0.0,0.0,0.0
t1785,0.0,0.0,0.0,0.0
t1786,0.0,0.0,0.0,0.0
t1787,0.0,0.0,0.0,0.0
t1788,0.0,0.0,0.0,0.0
t1789,0.0,0.0,0.0,0.0
t1790,0.0,0.0,0.0,0.0
t1791,0.0,0.0,0.0,0.0
t1792,0.0,0.0,0.0,0.0
t1793,0.0,0.0,0.0,0.0
t1794,0.0,0.0,0.0,0.0
t1795,0.0,0.0,0.0,0.0
t1796,0.0,0.0,0.0,0.0
t1797,0.0,0.0,0.0,0.0
t1798,0.0,0.0,0.0,0.0
t1799,0.0,0.0,0.0,0.0
t1800,0.0,0.0,0.0,0.0
t1801,0.0,0.0,0.0,0.0
t1802,0.0,0.0,0.0,0.0
t1803,0.0,0.0,0.0,0.0
t1804,0.0,0.0,0.0,0.0
t1805,0.0,0.0,0.0,0.0
t1806,0.0,0.0,0.0,0.0
t1807,0.0,0.0,0.0,0.0
t1808,0.0,0.0,0.0,0.0
t1809,0.0,0.0,0.0,0.0
t1810,0.0,0.0,0.0,0.0
t1811,0.0,0.0,0.0,0.0
t1812,0.0,0.0,0.0,0.0
t1813,0.0,0.0,0.0,0.0
t1814,0.0,0.0,0.0,0.0
t1815,0.0,0.0,0.0,0.0
t1816,0.0,0.0,0.0,0.0
t1817,0.0,0.0,0.0,0.0
t1818,0.0,0.0,0.0,0.0
t1819,0.0,0.0,0.0,0.0
t1820,0.0,0.0,0.0,0.0
t1821,0.0,0.0,0.0,0.0
t1822,0.0,0.0,0.0,0.0
t1823,0.0,0.0,0.0,0.0
t1824,0.0,0.0,0.0,0.0
t1825,0.0,0.0,0.0,0.0
t1826,0.0,0.0,0.0,0.0
t1827,0.0,0.0,0.0,0.0
t1828,0.0,0.0,0.0,0.0
t1829,0.0,0.0,0.0,0.0
t1830,0.0,0.0,0.0,0.0
t1831,0.0,0.0,0.0,0.0
t1832,0.0,0.0,0.0,0.0
t1833,0.0,0.0,0.0,0.0
t1834,0.0,0.0,0.0,0.0
t1835,0.0,0.0,0.0,0.0
t1836,0.0,0.0,0.0,0.0
t1837,0.0,0.0,0.0,0.0
t1838,0.0,0.0,0.0,0.0
t1839,0.0,0.0,0.0,0.0
t1840,0.0,0.0,0.0,0.0
t1841,0.0,0.0,0.0,0.0
t1842,0.0,0.0,0.0,0.0
t1843,0.0,0.0,0.0,0.0
t1844,0.0,0.0,0.0,0.0
t1845,0.0,0.0,0.0,0.0
t1846,0.0,0.0,0.0,0.0
t1847,0.0,0.0,0.0,0.0
t1848,0.0,0.0,0.0,0.0
