Line,1,2
t1,-5900.0,-4000.0
t2,-5900.0,-4000.0
t3,-5900.0,-4000.0
t4,-5900.0,-218.84285802432697
t5,-5900.0,-2980.7937432981594
t6,-5900.0,-503.6415530128794
t7,-5900.0,-909.6311820391128
t8,-5900.0,-1603.5637605884986
t9,-5900.0,-0.0
t10,-5678.157356003273,-0.0
t11,-3217.6272831990955,-0.0
t12,-3710.1267002329514,-0.0
t13,-3040.0675522154697,-0.0
t14,-3694.6990712322445,-0.0
t15,-3144.2484661768544,-0.0
t16,-5900.0,-0.0
t17,-5900.0,-3318.582847022258
t18,-5900.0,-4000.0
t19,-5900.0,-4000.0
t20,-5900.0,-4000.0
t21,-5900.0,-4000.0
t22,-5900.0,-4000.0
t23,-5900.0,-1413.583482745807
t24,-5900.0,-2116.955289987628
t25,-5900.0,-4000.0
t26,-5900.0,-4000.0
t27,-5900.0,-4000.0
t28,-5900.0,-4000.0
t29,-5900.0,-0.0
t30,-5900.0,-4000.0
t31,-5900.0,-4000.0
t32,-5900.0,-4000.0
t33,-5900.0,-1053.143431562233
t34,-5900.0,-1389.3718816705573
t35,-5900.0,-1446.5866224339752
t36,-5900.0,-1053.4772681699087
t37,-5900.0,-1692.4938434788905
t38,-5900.0,-0.0
t39,-5900.0,-3143.5390279708904
t40,-5900.0,-2948.4549185887186
t41,-5900.0,-4000.0
t42,-5900.0,-4000.0
t43,-5900.0,-4000.0
t44,-5900.0,-4000.0
t45,-5900.0,-4000.0
t46,-5900.0,-4000.0
t47,-5900.0,-4000.0
t48,-5900.0,-3242.346538950663
t49,-5900.0,-4000.0
t50,-5900.0,-3708.3538418144412
t51,-5900.0,-830.5651106721273
t52,-5900.0,-0.0
t53,-5900.0,-3686.1355039075324
t54,-5900.0,-0.0
t55,-5900.0,-4000.0
t56,-5900.0,-2039.7366419404964
t57,-5900.0,-886.4151257801532
t58,-5900.0,-0.0
t59,-2540.3623587137986,-0.0
t60,-2179.605193198549,570.6298963611737
t61,-2430.375949614562,1327.004602279596
t62,-2166.718460264141,973.8610652920718
t63,-2464.0123307180666,-0.0
t64,-3316.070874184901,-0.0
t65,-5900.0,-2000.0440211175498
t66,-5900.0,-4000.0
t67,-5900.0,-4000.0
t68,-5900.0,-4000.0
t69,-5900.0,-4000.0
t70,-5900.0,-4000.0
t71,-5900.0,-4000.0
t72,-5900.0,-1289.0090559335842
t73,-5900.0,-3871.961602765311
t74,-5900.0,-3598.2720767302135
t75,-5900.0,-0.0
t76,-5900.0,-0.0
t77,-5900.0,-3713.403464066011
t78,-5900.0,-28.977061365291473
t79,-5900.0,-1445.9010651558556
t80,-5900.0,-2236.6719097517293
t81,-5900.0,-0.0
t82,-5716.504329010486,-0.0
t83,-4059.3439853946184,-0.0
t84,-3366.0303496358215,-0.0
t85,-3455.1127562571833,-0.0
t86,-2785.057376831625,-0.0
t87,-5093.245450166676,-0.0
t88,-5900.0,-0.0
t89,-5900.0,-1776.354375353454
t90,-3158.110756167193,-4000.0
t91,-4143.837792119198,-4000.0
t92,-4578.943649652228,-4000.0
t93,-2876.9509085247673,-4000.0
t94,-2705.990836988806,-4000.0
t95,-1731.9979380621317,-4000.0
t96,-868.6860503771242,-4000.0
t97,-387.5150315437578,-4000.0
t98,-1859.0227836708111,-4000.0
t99,116.93938558399417,-4000.0
t100,122.90269383433964,-4000.0
t101,-472.5732332687617,-4000.0
t102,-826.4260279030331,-4000.0
t103,-20.85952974352801,-4000.0
t104,-770.4718331530025,-4000.0
t105,-0.0,-4000.0
t106,-0.0,-4000.0
t107,897.0661588260836,-2766.2009900995777
t108,-0.0,-372.1527234895244
t109,-953.1569658773928,396.32581087454145
t110,-1876.3093424868812,520.0450166164459
t111,-1829.9562760926226,464.1730518384515
t112,-3454.9413020723387,-0.0
t113,-5900.0,-0.0
t114,-4834.788396586031,-1110.29392459953
t115,-5298.238924607773,-2340.2808779005145
t116,-3288.24351335227,-2360.609801685117
t117,-4519.516885510941,-2886.6920372703635
t118,-3480.54118192766,-3202.377222188289
t119,-2186.6362832637183,-4000.0
t120,-2533.248331588992,-4000.0
t121,-5836.198557309786,-4000.0
t122,-4552.24696498006,-4000.0
t123,-4561.845465349537,-4000.0
t124,-5143.6942937456615,-4000.0
t125,-3285.8968455770855,-4000.0
t126,-3949.98291302709,-4000.0
t127,-5203.696913091798,-4000.0
t128,-5900.0,-4000.0
t129,-5900.0,-4000.0
t130,-5900.0,-4000.0
t131,-5156.465822123848,-4000.0
t132,-4288.317422454452,-4000.0
t133,-4798.0589883087205,-4000.0
t134,-4312.178544917819,-4000.0
t135,-4455.796960235094,-4000.0
t136,-4779.303169768204,-4000.0
t137,-4038.709871223742,-4000.0
t138,-5900.0,-4000.0
t139,-5900.0,-4000.0
t140,-5900.0,-4000.0
t141,-5900.0,-4000.0
t142,-5900.0,-4000.0
t143,-5900.0,-4000.0
t144,-5900.0,-4000.0
t145,-5900.0,-4000.0
t146,-5900.0,-2214.156494998666
t147,-5900.0,-3539.6964586120007
t148,-5900.0,-0.0
t149,-5900.0,-3535.656760810744
t150,-5900.0,-0.0
t151,-5900.0,-0.0
t152,-5900.0,-489.502610708482
t153,-5900.0,-0.0
t154,-4710.2233382145005,-0.0
t155,-2891.713274567038,-0.0
t156,-1151.7230035842683,-0.0
t157,-2801.038270014557,638.6756518219341
t158,-3222.3016484063314,3092.112968067024
t159,-2109.677417773475,1270.937894728384
t160,-1826.770548892711,-0.0
t161,-5900.0,-465.09013225796525
t162,-5900.0,-4000.0
t163,-5900.0,-2381.091106146634
t164,-5900.0,-4000.0
t165,-5900.0,-4000.0
t166,-5900.0,-4000.0
t167,-5900.0,-678.358482917204
t168,-5900.0,-4000.0
t169,-5900.0,-4000.0
t170,-5900.0,-761.4915983131577
t171,-5900.0,-4000.0
t172,-5900.0,-0.0
t173,-5900.0,-4000.0
t174,-5900.0,-3.7289501074407267
t175,-5900.0,-396.58956127959385
t176,-5900.0,-685.8804980808989
t177,-5845.915792825397,-0.0
t178,-0.0,-0.0
t179,-4748.840140043662,3229.4626933097297
t180,-1017.334145050666,652.7543084882219
t181,-2267.2117952391477,2315.1187017023694
t182,-3015.80455912542,3214.313826555019
t183,-2203.3691682114936,1628.897009767383
t184,-2993.2892052890525,1181.4069342523264
t185,-5205.681556864743,-0.0
t186,-5900.0,-4000.0
t187,-5900.0,-4000.0
t188,-5900.0,-4000.0
t189,-5900.0,-4000.0
t190,-5900.0,-4000.0
t191,-5900.0,-2773.0577183282467
t192,-5900.0,-4000.0
t193,-5900.0,-4000.0
t194,-3996.883415097269,-4000.0
t195,-4812.2036247125125,-4000.0
t196,-5900.0,-4000.0
t197,-5900.0,-373.3612989223718
t198,-5900.0,-4000.0
t199,-5900.0,-4000.0
t200,-5900.0,-4000.0
t201,-5900.0,-0.0
t202,-3954.086860344859,-0.0
t203,-3472.5276130794705,-0.0
t204,-3001.7625297349114,-0.0
t205,-3168.7726468290916,1807.4428763065553
t206,-3322.6456675947834,2471.4311908849068
t207,-2748.350333634258,1495.633314423824
t208,-3649.4074470523674,1949.5822427864093
t209,-5431.963199729671,-0.0
t210,-5900.0,-4000.0
t211,-5900.0,-4000.0
t212,-5900.0,-4000.0
t213,-5900.0,-2718.630292962122
t214,-5900.0,-3087.604556445184
t215,-5900.0,-1941.1250434256417
t216,-5900.0,-1282.8695637340386
t217,-5900.0,-733.4706627632137
t218,-5900.0,-2870.42292892864
t219,-3758.2839173238112,-4000.0
t220,-1989.2305676963113,-4000.0
t221,-2226.6916463602524,-4000.0
t222,-2968.2544216794245,-4000.0
t223,-4157.437983023557,-4000.0
t224,-3177.7847795341822,-4000.0
t225,-2135.2232024708314,-3262.888775681755
t226,-2362.872261704904,-1411.9599218410026
t227,-2087.9272824665263,-429.4184019485777
t228,-0.0,-1364.4375023773448
t229,-1289.3194290181657,-144.9797167476555
t230,-1808.8368956305585,-103.07302365382394
t231,-673.3998483338561,-1858.6449676746356
t232,-0.0,-3559.3752631714688
t233,-1807.0561667662364,-4000.0
t234,-147.14495165548965,-4000.0
t235,-1523.6002250022696,-4000.0
t236,-1230.798640717494,-4000.0
t237,-793.1055508072643,-4000.0
t238,-82.73469683801491,-4000.0
t239,-1779.0193425951798,-3679.4886761335933
t240,857.4028932639968,-3327.5809327529796
t241,-994.3031576129899,-4000.0
t242,-853.811105459172,-3841.0657816012813
t243,-449.19297524682827,-2713.6952635293055
t244,634.6566505625249,-1951.658381816413
t245,-0.0,-1511.7740307406243
t246,-1360.2838061148182,-895.8068779325438
t247,-3590.0069632505624,-0.0
t248,-3230.3873895361285,-0.0
t249,-1085.6608164887523,-0.0
t250,-3156.43633305448,1330.0280591867895
t251,-2581.1016704753247,1342.9995848133017
t252,-2285.3671262581106,1380.143302860509
t253,-2086.861057491336,1271.7678825776757
t254,-1753.0473300557014,993.9822726225963
t255,-385.74947233919653,393.02819394319727
t256,-922.201621241973,-298.87927139850814
t257,-1548.382171850102,-501.5204987583234
t258,-3555.277953917973,-907.6501188141726
t259,-3979.2056112627997,-1400.963217918088
t260,-2375.695441224828,-1565.6312441858784
t261,-4595.774028103191,-1025.5675128065216
t262,-4593.485295133583,-1128.7006635829775
t263,-5328.363124269616,-892.0657186666353
t264,-4290.086249062738,-952.507798854122
t265,-2606.8190806304583,-1516.7313412056394
t266,-1881.2545730948373,-1897.4232538955077
t267,-1625.3033825429786,-1361.580650898525
t268,-1298.1042810061854,-834.4784552082347
t269,-1364.6285321043354,-323.7969448223453
t270,-2315.16295194881,-0.0
t271,-1380.7778010075979,-61.63169203264021
t272,-2092.181049324992,-0.0
t273,-672.0471612781747,544.7728961981279
t274,-2382.8898054255574,953.9343394420938
t275,-383.25434589235994,1117.8840907755928
t276,-516.8797907161053,1268.9208051900011
t277,-1909.5928474941866,1312.1660057081401
t278,-2239.6715279912983,1054.6304732269389
t279,-2772.1738348931713,1211.4457399897717
t280,-1032.7040407093903,-0.0
t281,-4361.556360895111,-0.0
t282,-4302.150663639259,-2179.3748542595135
t283,-2636.1659940338077,-4000.0
t284,-1581.17479816966,-4000.0
t285,-3881.1584591574624,-4000.0
t286,-3192.211465570448,-4000.0
t287,-2506.2013663090056,-4000.0
t288,-3200.687968743332,-4000.0
t289,-3672.9067901378144,-4000.0
t290,-4590.143631311864,-4000.0
t291,-5900.0,-3475.0612937919036
t292,-5900.0,-2547.015719990475
t293,-5533.967659138313,-4000.0
t294,-3059.5441439271676,-2732.523366774828
t295,-5900.0,-1142.92373006165
t296,-5900.0,-3481.7747266579677
t297,-5900.0,-3268.304617400446
t298,-4598.3330174292805,-0.0
t299,-4901.9113139793835,-0.0
t300,-3958.4576050655132,-0.0
t301,-2902.735246226883,-0.0
t302,-2275.2720242251553,-0.0
t303,-1859.4455779423947,-0.0
t304,-2374.2866710768676,-0.0
t305,-5139.253494470115,-0.0
t306,-5900.0,-4000.0
t307,-5900.0,-4000.0
t308,-5900.0,-2430.5774042120206
t309,-5900.0,-4000.0
t310,-5900.0,-1916.8354271555959
t311,-5900.0,-4000.0
t312,-5900.0,-4000.0
t313,-5900.0,-0.0
t314,-5900.0,-3686.1355039075324
t315,-5900.0,-0.0
t316,-5900.0,-0.0
t317,-5900.0,-0.0
t318,-5900.0,-0.0
t319,-5900.0,-3087.455122687785
t320,-5900.0,-0.0
t321,-5031.001793155302,-0.0
t322,-2658.3970941938214,2627.015145679116
t323,-2938.908423679996,2812.78772686807
t324,-2504.769632221524,3135.0347044764712
t325,-0.0,631.400755485074
t326,-1605.9377479802731,2037.6803449806685
t327,-4115.088321405857,3060.03470447647
t328,-2610.509841563193,1371.4422163283602
t329,-5017.149022912992,-0.0
t330,-5900.0,-1306.3267606685424
t331,-5900.0,-4000.0
t332,-5900.0,-4000.0
t333,-5900.0,-1582.2408659482473
t334,-5900.0,-4000.0
t335,-5900.0,-4000.0
t336,-5900.0,-0.0
t337,-5900.0,-2846.888285696586
t338,-5900.0,-2576.228533012429
t339,-5900.0,-2452.0078256238057
t340,-5900.0,-0.0
t341,-5900.0,-13.857918235919298
t342,-5900.0,-0.0
t343,-5900.0,-215.835281703874
t344,-5900.0,-0.0
t345,-3194.020496019746,-0.0
t346,-5350.2282946575215,3130.490097178956
t347,-3553.062637423758,3151.698510635551
t348,-2846.298629822771,79.28193428717111
t349,-2708.2206437185746,1978.8016503003405
t350,-4066.933649187468,3167.857301840575
t351,-2603.3649887951265,3166.0347044764712
t352,-2804.151602442598,1462.3354168566216
t353,-3967.215606687974,-0.0
t354,-5900.0,-1675.7262343229422
t355,-5900.0,-3866.8688459642385
t356,-5900.0,-3964.1793400057654
t357,-5900.0,-4000.0
t358,-5900.0,-4000.0
t359,-5900.0,-25.947288014349308
t360,-5900.0,-0.0
t361,-5900.0,-0.0
t362,-5900.0,-638.5219865934868
t363,-5900.0,-755.2770069788645
t364,-5900.0,-962.2708484623516
t365,-5663.990807165125,-0.0
t366,-4619.375534845271,-254.94249357276428
t367,-3657.867637237328,-2510.7014824679304
t368,-5900.0,-0.0
t369,-3180.0382972434277,-0.0
t370,-2707.660640209525,2643.1804004006226
t371,-3485.147328607012,3136.5496438808404
t372,-1550.7703600466955,1400.469656270839
t373,-1482.9204267750188,3162.034704476472
t374,-3068.2690441925574,2754.304902821956
t375,-5900.0,1479.5041325119603
t376,-4634.2494537532575,1473.444585810076
t377,-4051.556452426814,-0.0
t378,-4235.558944303484,-3542.5379026602723
t379,-5882.066773952101,-4000.0
t380,-4002.323752711044,-4000.0
t381,-3834.289853825968,-4000.0
t382,-5900.0,-4000.0
t383,-5900.0,-4000.0
t384,-4438.095024498092,-775.220330213555
t385,-5800.228216392241,-3240.9182843042295
t386,-311.61512330707643,-4000.0
t387,-4544.88189504232,-4000.0
t388,-1078.616695352881,-4000.0
t389,-4230.419513336369,-0.0
t390,-5286.444670361493,-4000.0
t391,-5900.0,-225.14924125290585
t392,-3935.7238198469513,-299.8380824648844
t393,-3362.152409780845,-0.0
t394,-4471.050445408996,2678.6861123154226
t395,-1932.5455864308497,2733.600860418574
t396,-4058.132558115022,3195.0347044764712
t397,-2106.4491180640653,1446.7403794869758
t398,-2194.379576841756,1616.6387056413653
t399,-1687.5116085140276,3114.575369754849
t400,-4940.76595203761,1507.7820171207525
t401,-4322.758672284438,-0.0
t402,-3673.5974794198464,-4000.0
t403,-5900.0,-4000.0
t404,-5900.0,-4000.0
t405,-3938.933718999909,-4000.0
t406,-5900.0,-1779.485457029166
t407,-2906.7551346847627,-3331.2559772558197
t408,-5900.0,-2631.7625731794587
t409,-5900.0,-3287.2153460334966
t410,-2477.384000179925,-4000.0
t411,-2616.3333553917005,-1599.8766831374824
t412,-3417.4334131026753,-4000.0
t413,-5900.0,-2814.5707032865375
t414,-4896.517962808949,-0.0
t415,-5900.0,-246.60449123619603
t416,-3743.709522524654,-1376.552549826518
t417,-4196.4467586229075,-0.0
t418,-4804.526398128218,2695.079205992919
t419,-3764.8479305845535,3194.800554503171
t420,-2957.836269075623,2539.881916961616
t421,-3001.142627741728,2582.283087656438
t422,-2961.688781646075,2354.6199512404996
t423,-5900.0,1544.1392973320571
t424,-3037.819550849384,1543.129372881743
t425,-4404.549918276096,-0.0
t426,-5900.0,-2228.1097519576406
t427,-5900.0,-4000.0
t428,-5900.0,-4000.0
t429,-5900.0,-2182.1359894347725
t430,-5900.0,-4000.0
t431,-5900.0,-4000.0
t432,-5900.0,-0.0
t433,-5900.0,-0.0
t434,-5900.0,-0.0
t435,-5900.0,-0.0
t436,-5900.0,-0.0
t437,-5900.0,-0.0
t438,-5900.0,-3079.201470381832
t439,-5900.0,-225.91232917652476
t440,-5900.0,-0.0
t441,-5540.679025603721,-0.0
t442,-1499.6745158683007,-0.0
t443,-2495.048307542522,-0.0
t444,-3501.364670913893,2444.047967872184
t445,-1659.605032468211,1572.3465627695755
t446,-2434.6867989627845,2427.786880035218
t447,-2304.7900374615806,1759.2338056435253
t448,-1382.340553868935,-0.0
t449,-3962.318861086831,-0.0
t450,-5900.0,-1600.2065400455954
t451,-5900.0,-3490.1670259971115
t452,-5900.0,-1475.188874214962
t453,-5900.0,-4000.0
t454,-5900.0,-752.0829677901277
t455,-5900.0,-14.838119060895915
t456,-5900.0,-246.28875074454095
t457,-5900.0,-0.0
t458,-5900.0,-0.0
t459,-5900.0,-0.0
t460,-5900.0,-2040.5341926879746
t461,-5900.0,-0.0
t462,-5900.0,-0.0
t463,-5900.0,-0.0
t464,-5362.0381382001,-0.0
t465,-4529.339983407713,-0.0
t466,-2597.7766084636246,-0.0
t467,-242.98090331570017,-0.0
t468,-3262.8932613190636,-0.0
t469,-1716.6246322947354,-0.0
t470,-2044.2384146154789,2148.061187210827
t471,-4248.099993843331,672.0197002600787
t472,-2680.9636313747706,328.1060067085479
t473,-4431.622595820428,-60.173299142405796
t474,-5900.0,-792.0651178630019
t475,-4025.306039665945,-1965.7966104528384
t476,-5900.0,-2106.4509430035814
t477,-4501.448390468828,-1667.6541010973099
t478,-3935.147787986619,-4000.0
t479,-4720.634331449152,-2601.604566272246
t480,-4010.054041310875,-1214.2919596965087
t481,-4890.752703802192,-1281.5609507734778
t482,-4200.829413425482,-1867.810424511168
t483,-4089.5888096288095,-1805.756777496682
t484,-4378.7066580431465,-1430.732512881516
t485,-4279.738866505227,-1307.065904960853
t486,-4666.267003386235,-1057.4632176908337
t487,-5542.268813252511,-502.39678014736023
t488,-4221.349166250177,-1442.6917369504824
t489,-3778.8074970057282,-1052.4233839202923
t490,-3205.004348653374,-928.278652577347
t491,-2454.8949570050636,-1437.3949137380298
t492,-2005.300546644313,-1532.3084338510973
t493,-1217.0171490522262,-1564.1840577105263
t494,-775.4221583241888,-1618.348297141258
t495,-554.9092243728311,-2046.019740523465
t496,-1724.6401171573855,-1188.0568588143005
t497,-3462.610490063619,-1467.6480637050256
t498,-5774.1446217851,-1632.4245117075527
t499,-3254.017310696437,-3297.4254777422734
t500,-5691.068917770826,-1656.3878705166437
t501,-5900.0,-3046.871038117628
t502,-5900.0,-2391.430069863833
t503,-4695.362657664626,-3095.0482102167457
t504,-3223.1394080921286,-4000.0
t505,-5900.0,-454.2275685658022
t506,-5900.0,-0.0
t507,-5900.0,-0.0
t508,-5900.0,-0.0
t509,-5900.0,-2803.461534333083
t510,-5900.0,-0.0
t511,-5900.0,-249.14059153374677
t512,-5900.0,-993.0726048272785
t513,-5900.0,-0.0
t514,-5900.0,-0.0
t515,-4972.16776498074,-0.0
t516,-3859.232151389549,-0.0
t517,-4363.553373379468,-0.0
t518,-4723.727045087031,-0.0
t519,-5643.18963386916,-0.0
t520,-2848.755049689612,-0.0
t521,-5900.0,-0.0
t522,-5900.0,-2236.751699583277
t523,-5900.0,-3865.92513129235
t524,-5900.0,-4000.0
t525,-5900.0,-1770.0868137066543
t526,-5900.0,-4000.0
t527,-5900.0,-125.92980859543704
t528,-5900.0,-0.0
t529,-5900.0,-0.0
t530,-5900.0,-0.0
t531,-5900.0,-0.0
t532,-5900.0,-2120.8914170739545
t533,-5900.0,-0.0
t534,-5900.0,-0.0
t535,-5900.0,-0.0
t536,-5684.7612783232735,-0.0
t537,-1919.555542273729,-0.0
t538,-4555.369682499326,3133.519870529898
t539,-3116.318186527613,1467.4965209624536
t540,-2583.007129724158,1151.2423625569622
t541,-1256.0226765442426,93.15469743017849
t542,-1655.6467408329702,3132.509946079584
t543,-3593.0973977260173,1437.0873055987713
t544,-1718.3238292164617,-0.0
t545,-4002.0532983044654,-0.0
t546,-5900.0,-1083.9082185606655
t547,-5900.0,-428.13986132254024
t548,-5216.10059222639,-2232.3205800227393
t549,-5900.0,-4000.0
t550,-5900.0,-4000.0
t551,-5191.482208689891,-1842.347918323798
t552,-5900.0,-3770.9691577339095
t553,-3853.7704792092936,-829.4828074099705
t554,-410.22184241328927,-4000.0
t555,-4577.795249935356,-1509.047289705144
t556,-5028.863661353177,-0.0
t557,-5764.722321115016,-3102.848917597221
t558,-3878.9835809336414,-1211.7367335390982
t559,-5900.0,-3210.7454547625166
t560,-2972.574841599701,-0.0
t561,-4093.833087692676,1064.9047013590052
t562,-3134.7019324123107,1818.2543461360851
t563,-2268.9770127428537,2504.278325206718
t564,-827.4032331560635,272.10589264558587
t565,-4698.609507352689,3131.50002162927
t566,-2277.014857424988,3128.470248278328
t567,-3207.2390539630155,1372.7864033951287
t568,-3158.8171854242555,1418.908665493119
t569,-3950.1561090569785,-0.0
t570,-5900.0,-1137.5693031754674
t571,-3401.4472053225313,-3126.1220073907984
t572,-3553.11439610021,-4000.0
t573,-3570.6678088685426,-4000.0
t574,-5206.341891340553,-4000.0
t575,-4305.800936237896,-4000.0
t576,-3464.6252508012217,-4000.0
t577,-2898.139711446142,-4000.0
t578,-2601.3133631162154,-4000.0
t579,-2481.576632772956,-4000.0
t580,-2481.576632772956,-4000.0
t581,-908.7326335828999,-4000.0
t582,-320.04060594857106,-4000.0
t583,-3528.406253835823,-3351.52006853582
t584,-3139.2817599606215,-1332.2583164720954
t585,-1081.7896229425335,-441.18550381606525
t586,-3915.5395962658235,2489.138956568432
t587,-1736.2234130027455,1993.6651093789942
t588,-91.99845772823497,149.21461218946337
t589,-1533.8415588441544,-0.0
t590,-2107.6279555595197,-0.0
t591,-3878.5246960880836,-0.0
t592,-3205.3917624603537,-0.0
t593,-4971.891402668362,-0.0
t594,-5900.0,-1891.7157405680705
t595,-5878.019515029925,-4000.0
t596,-3653.175471794148,-4000.0
t597,-4593.65384047256,-4000.0
t598,-3009.2132245699017,-4000.0
t599,-2079.492730139893,-4000.0
t600,-5900.0,-3537.416949172969
t601,-5900.0,-878.0980085212307
t602,-5900.0,-0.0
t603,-5900.0,-0.0
t604,-5900.0,-0.0
t605,-5900.0,-0.0
t606,-5900.0,-1679.4526294494444
t607,-5900.0,-0.0
t608,-5645.029031596418,-0.0
t609,-1775.7432723117688,253.65403696586742
t610,-4782.68145608733,3136.0347044764712
t611,-1677.2916418733912,3141.5992661324103
t612,-0.0,-329.77194301805895
t613,-1328.7339608432612,2189.7664277129206
t614,-3125.101057249837,3126.0347044764712
t615,-3893.9166076702177,3096.1526658682797
t616,-1970.0413112846365,1395.680403135897
t617,-3724.3462531344862,580.9182504081062
t618,-5900.0,-436.85931090146005
t619,-5900.0,-0.0
t620,-5900.0,-4000.0
t621,-5900.0,-1444.891140705542
t622,-5900.0,-4000.0
t623,-5900.0,-298.62688959913305
t624,-5900.0,-0.0
t625,-5900.0,-0.0
t626,-5900.0,-0.0
t627,-5900.0,-2452.0911043063575
t628,-5900.0,-0.0
t629,-5900.0,-0.0
t630,-5900.0,-0.0
t631,-5273.5606796691,-0.0
t632,-3865.3743687316496,-0.0
t633,-4099.2683881319645,2343.1843622837446
t634,-3514.119701661544,3023.4381054456703
t635,-5900.0,3040.0347044764703
t636,-4106.910006261443,940.116266036009
t637,-5900.0,3010.0347044764712
t638,-0.0,-378.0813171286068
t639,-2128.0122744312885,2964.0347044764717
t640,-729.7365369425007,1259.3406023435048
t641,-3549.1450958888713,1085.590175621699
t642,-5888.452451642841,-0.0
t643,-5900.0,-0.0
t644,-5900.0,-443.0460859940379
t645,-5900.0,-773.2913812467209
t646,-5900.0,-418.8078991865025
t647,-5900.0,-4000.0
t648,-5900.0,-0.0
t649,-5900.0,-1378.5263730691986
t650,-5900.0,-0.0
t651,-5900.0,-0.0
t652,-5900.0,-0.0
t653,-5900.0,-0.0
t654,-5900.0,-0.0
t655,-3844.9296506030405,-0.0
t656,-3604.152732284222,-0.0
t657,-3932.5117449123554,2151.1177382625856
t658,-2239.3657544201697,2575.9164297684333
t659,-922.2538408153703,2969.034704476471
t660,-0.0,2979.0347044764712
t661,-0.0,-389.96454159088273
t662,-0.0,2959.0347044764712
t663,-3621.24976674259,1251.2612067409927
t664,-1646.116994227888,1248.2314333900506
t665,-3279.1921680823,1265.400149045389
t666,-5837.068845532662,-0.0
t667,-5900.0,-0.0
t668,-5900.0,-4000.0
t669,-5900.0,-4000.0
t670,-5900.0,-536.9690598732412
t671,-5900.0,-4000.0
t672,-5900.0,-0.0
t673,-3881.470747379702,-1157.1731648058603
t674,-5085.2064681039155,-4000.0
t675,-3115.057580247009,-3247.1378083202135
t676,-4838.689670338384,-4000.0
t677,-1000.3988479020218,-3567.201225074527
t678,-0.0,-3587.81784362425
t679,-442.5250303913005,-3837.3719944656154
t680,-5900.0,-624.1371980997368
t681,-2800.425085489255,-0.0
t682,-4233.282340505825,-0.0
t683,-3572.61253571105,-0.0
t684,-3679.894460526568,-0.0
t685,-3704.355693655266,-0.0
t686,-3902.5310929317807,-0.0
t687,-2725.114459802618,-0.0
t688,-3848.834348092503,-0.0
t689,-5900.0,-29.12924285791309
t690,-5900.0,-2454.8456484075095
t691,-5497.046416979036,-4000.0
t692,-5900.0,-4000.0
t693,-5900.0,-4000.0
t694,-5900.0,-4000.0
t695,-5900.0,-4000.0
t696,-2362.1736739485154,-4000.0
t697,-5900.0,-607.5641238821046
t698,-5900.0,-3301.3542883378923
t699,-599.3857525354126,-4000.0
t700,-4940.31496247846,-4000.0
t701,-688.936752540034,-4000.0
t702,-3330.728082300166,-811.7500052735237
t703,-3275.813662131408,-983.3409256037914
t704,-4217.365926006658,-518.6304685373852
t705,-5900.0,-0.0
t706,-5211.621548504051,-0.0
t707,-5461.913228857077,-0.0
t708,-5042.485242254952,-0.0
t709,-4950.473862204397,-0.0
t710,-5177.828800808262,-0.0
t711,-3734.4194076532303,-0.0
t712,-4665.195340726309,-0.0
t713,-3544.3077456015317,-3079.3724666836506
t714,-5016.82271723403,-3220.233044214585
t715,-5900.0,-4000.0
t716,-5900.0,-4000.0
t717,-5900.0,-4000.0
t718,-5900.0,-4000.0
t719,-5099.685644144038,-4000.0
t720,-4151.853711510848,-4000.0
t721,-3518.959565410768,-4000.0
t722,-3159.7493743809923,-4000.0
t723,-2965.5545092024304,-4000.0
t724,-2903.1706665025813,-4000.0
t725,-3040.0126440377344,-4000.0
t726,-3580.3372170993293,-4000.0
t727,-2224.6736299392646,-4000.0
t728,-2580.162545215272,-4000.0
t729,-3000.308000437168,-4000.0
t730,-3119.74680130271,-4000.0
t731,-2902.470425272033,-4000.0
t732,-3009.113865562277,-4000.0
t733,-576.1106191005006,-4000.0
t734,-1203.570514910307,-3745.5016144284305
t735,-3329.2808176923045,-3247.606601773285
t736,-2372.5065954732295,-4000.0
t737,-3380.0827905675924,-4000.0
t738,-4246.387654033142,-4000.0
t739,-3626.377814654893,-4000.0
t740,-2869.0644359799194,-4000.0
t741,-3704.877821659585,-4000.0
t742,-3386.9214620926145,-4000.0
t743,-4634.205814207502,-4000.0
t744,-3082.9330246444656,-4000.0
t745,-3452.5509586657677,-4000.0
t746,-5664.93325797091,-3603.9482515896543
t747,-5900.0,-2995.127363204908
t748,-5900.0,-0.0
t749,-5900.0,-0.0
t750,-5900.0,-0.0
t751,-5900.0,-0.0
t752,-5900.0,-0.0
t753,-5704.566525750872,-0.0
t754,-206.73433728709,-0.0
t755,-3236.521483257023,-0.0
t756,-2649.8415998177184,-0.0
t757,-2253.042423337905,-0.0
t758,-2191.105059047717,-0.0
t759,-3142.7203905335855,-0.0
t760,-2898.3159469328643,-0.0
t761,-2939.9382856754814,-2369.822501885683
t762,-3655.390043197016,-4000.0
t763,-2245.1073345542027,-4000.0
t764,-3658.3446667019853,-2798.317278777155
t765,-3726.710760196428,-4000.0
t766,-3262.6195891648886,-4000.0
t767,-2283.5957351817756,-4000.0
t768,-1620.2768189209044,-4000.0
t769,-2782.273974898475,-4000.0
t770,-2657.060851181627,-4000.0
t771,-2423.6245365628383,-4000.0
t772,-2021.593570364832,-4000.0
t773,-2346.1254049747913,-4000.0
t774,-0.0,-4000.0
t775,-3653.9852936382053,-2887.2386470183797
t776,-3670.8625338396882,-1366.9810738923613
t777,-3081.855896044688,-686.9643264279223
t778,-5822.088620112856,3234.5123155612996
t779,-5061.990704528906,3275.9192180241744
t780,-4413.035120406632,3296.117707030455
t781,-2864.231997451989,1664.6979836705352
t782,-2752.8614203984475,2577.706706426687
t783,-2941.1111598706416,205.85500935167076
t784,-2628.7448358986862,-0.0
t785,-5132.227713523605,-0.0
t786,-4833.546254876924,-782.2563861023697
t787,-4025.7363644287834,-2473.288244414283
t788,-5116.265532808854,-811.222674730814
t789,-5900.0,-3187.740108581714
t790,-5639.909912850976,-4000.0
t791,-4809.802328538471,-4000.0
t792,-2618.4250870286883,-3062.066966622896
t793,-2288.465020836234,-4000.0
t794,-2743.085991353151,-4000.0
t795,-2501.6001486440578,-4000.0
t796,-158.5737852366607,-4000.0
t797,-2375.902629441199,-4000.0
t798,-1205.769050817248,-2037.7253531108024
t799,-4414.924295783912,-897.0702418159432
t800,-3535.801803608358,-0.0
t801,-2286.2240411798,780.9836259961377
t802,-5272.705345640057,3080.0347044764712
t803,-3731.8660575886684,2784.180017608667
t804,-1963.9435453477765,1444.5537395534495
t805,-2414.0166436185755,1733.9462893140324
t806,-3899.1250710335994,3115.341230424246
t807,-1364.880796969925,2469.6295210074463
t808,-4896.232220185426,1447.272852583831
t809,-4308.61484179187,559.5776522383322
t810,-5900.0,-752.1578005521031
t811,-5900.0,-2029.8538012692356
t812,-3133.9664677289525,-4000.0
t813,-5000.96050237285,-4000.0
t814,-4901.347592255349,-4000.0
t815,-4261.410109076253,-4000.0
t816,-1272.409116422034,-4000.0
t817,-660.6449815589989,-4000.0
t818,-276.2800152470255,-4000.0
t819,-2255.0652325682076,-4000.0
t820,-451.69336605251465,-4000.0
t821,-4145.72508692378,-1939.7270772383986
t822,-315.63783172974206,-2474.963103799362
t823,-3212.9372083657354,-1185.9119377128316
t824,-2408.509613252259,-334.75632784973754
t825,-466.334006194264,-320.0013953301627
t826,-4394.703221151617,2972.0347044764712
t827,-2315.2413525407737,3008.2892386909607
t828,-2724.821132273528,3035.5571988494394
t829,333.3509277105946,-0.0
t830,-2736.012381582093,2912.205563644922
t831,-5900.0,2175.4002139807176
t832,-5223.774051504115,1360.333047374906
t833,-3413.005673651293,-0.0
t834,-5270.444687468601,-1081.251205312494
t835,-5900.0,-1785.5416350412909
t836,-4075.4140915954417,-2080.03218832452
t837,-4631.5495590765395,-4000.0
t838,-5900.0,-4000.0
t839,-2038.2388986770893,-4000.0
t840,-3622.884020322924,-1573.2576593028334
t841,-3982.3003678999225,-729.1664930510261
t842,-5670.318779382397,-56.98338859157051
t843,-5900.0,27.882574722991293
t844,-5881.741846774653,-84.688802983581
t845,-5900.0,-119.87122826587121
t846,-5900.0,267.87592899702963
t847,-5900.0,325.17420737046996
t848,-5900.0,901.0862551475104
t849,-5900.0,1028.0506023684568
t850,-5900.0,1513.094810021597
t851,-5900.0,1456.2610042075444
t852,-5900.0,1159.860919219281
t853,-5900.0,981.752705788147
t854,-5900.0,-0.0
t855,-5900.0,-0.0
t856,-5900.0,-82.38667272195387
t857,-5900.0,-413.79146235268655
t858,-5900.0,-32.660490249419276
t859,-2374.4851069045203,-1420.1914144698267
t860,-2976.4798131703983,-1530.6588696664094
t861,-2553.683233434699,-1764.1485012525552
t862,-2696.795041154064,-1029.6998783909387
t863,-2349.4841139710556,-604.6954303972375
t864,-3228.256087264736,-0.0
t865,-3956.70835089842,-98.2245252276356
t866,-5900.0,-736.730005165813
t867,-5900.0,-607.9937233930199
t868,-5496.685880588589,-1272.662758522245
t869,-3162.3683803344893,-1908.2270137148118
t870,-728.2968810772774,-1453.7120515067247
t871,-1299.377500449542,-736.1770907252604
t872,-976.0425841369638,-425.39198362577923
t873,-2680.061083767735,-274.74157166836443
t874,-4816.424624243448,-230.68345631526677
t875,-5900.0,91.870637049721
t876,-5900.0,-352.0185203550252
t877,-5900.0,-1375.5912904243949
t878,-5900.0,-1220.7112147167704
t879,-5900.0,-1022.8031526433745
t880,-5900.0,-1100.411306388035
t881,-5900.0,-558.5399294827389
t882,-5900.0,-1876.8055115608947
t883,-5900.0,-3205.515511442829
t884,-5818.743891943787,-3872.3409641568896
t885,-5900.0,-3979.2408779537327
t886,-5900.0,-4000.0
t887,-5900.0,-4000.0
t888,-5900.0,-4000.0
t889,-5900.0,-4000.0
t890,-5900.0,-4000.0
t891,-5900.0,-4000.0
t892,-5900.0,-4000.0
t893,-5130.604442034214,-4000.0
t894,-5900.0,-4000.0
t895,-5103.097052795077,-3479.296759586656
t896,-5900.0,-2017.3650927325411
t897,-5900.0,-990.0599514713772
t898,-5167.164360332318,-839.0274051207327
t899,-5900.0,-389.29422027605375
t900,-5900.0,-1311.1966810363683
t901,-5900.0,-2095.222970077798
t902,-5900.0,-3164.7355661623938
t903,-5900.0,-4000.0
t904,-5742.372483198985,-4000.0
t905,-5263.253805710434,-4000.0
t906,-2853.416587095575,-4000.0
t907,-4132.584254202008,-4000.0
t908,-4129.545085808243,-4000.0
t909,-4022.888838611728,-4000.0
t910,-5322.009081239445,-4000.0
t911,-3479.0236185847893,-4000.0
t912,-3451.9860333294037,-4000.0
t913,-2539.3707860912896,-4000.0
t914,-2077.7939770583357,-4000.0
t915,-1851.3349812250794,-4000.0
t916,-4296.66943568884,-3634.3980746014113
t917,-5259.252241094122,-2654.1046946953966
t918,-2963.8547659368087,-4000.0
t919,-3003.1850960436846,-3470.053317739244
t920,-2903.026796376997,-2560.761397471174
t921,-3357.533238510285,-1667.2860694124017
t922,-3152.4533613098793,-549.9840556087253
t923,-4304.520730566294,-287.0227692372052
t924,-1429.3227608947889,-2919.6640081422074
t925,-1034.4339057813138,-2948.4262627306052
t926,-826.0722188138318,-3792.7866186479714
t927,-833.0837466055966,-4000.0
t928,-1258.9092924441704,-4000.0
t929,-4690.84331193286,-4000.0
t930,-2270.621745761614,-4000.0
t931,-2859.2139131788467,-4000.0
t932,-3613.5948311889647,-4000.0
t933,-3542.535402876386,-4000.0
t934,-4591.828192560038,-310.29506202081575
t935,-2108.713211791148,-4000.0
t936,-1039.1321667921238,-4000.0
t937,-1420.9364410766618,-4000.0
t938,-2755.9504149698873,-4000.0
t939,-2999.416481984741,-4000.0
t940,-4026.5546385572256,-4000.0
t941,-2775.190061721099,-4000.0
t942,-3974.4613327069314,-2757.846244977121
t943,-4726.098037341776,-425.8947413017874
t944,-4483.171524004124,-0.0
t945,-3735.3329019218318,508.13424885762856
t946,-4374.359661167366,878.4538636911728
t947,-4210.623180423776,913.7710312786459
t948,-3168.67536708992,560.795349344014
t949,-2159.4687737212957,-0.0
t950,-2719.2236341162456,218.25313794480098
t951,-3519.191093955847,757.2664996517445
t952,-3715.977713818137,438.7247835793179
t953,-3317.3975343133447,300.8726275829837
t954,-3591.751800743501,-1262.1587990078674
t955,-4128.072788305443,-0.0
t956,-3941.1676793452007,-1341.450468937908
t957,-3148.6754987546933,-1694.6506992967554
t958,-2971.254589185238,-1614.1892641010656
t959,-2117.5755195991164,-3899.6850210600796
t960,-271.95109644233565,-2652.0834694029527
t961,-2247.719633128109,-2192.5659450899357
t962,-2420.8122053711845,-1568.4048136464592
t963,-1680.3152279056721,-2035.9400061302272
t964,-2405.0075526071523,-1156.060142127465
t965,-3287.5198995313517,-1235.4919195347527
t966,-1359.8003344423857,-1304.648114776328
t967,-1871.875086232239,-622.1024390304264
t968,-2679.692312542389,564.0535693055077
t969,-4564.0368720888655,2356.2992438695305
t970,-5900.0,3076.6535925385315
t971,-3822.1269965521174,3175.749328957957
t972,-2922.198516904972,1761.927598972388
t973,-2625.5645401183665,1180.9383954028417
t974,-2710.892140237322,868.3444652627863
t975,-3719.8803357774946,1036.5784675462778
t976,-2714.3460048009547,471.62884169479986
t977,-4699.776866680338,-0.0
t978,-4267.286062962236,-3035.5947572960804
t979,-3877.052530292091,-3478.0722843218746
t980,-5900.0,-3515.528596775732
t981,-5900.0,-4000.0
t982,-5677.631786505377,-4000.0
t983,-4580.469769237389,-4000.0
t984,-3781.554106274808,-4000.0
t985,-1084.2603807193361,-4000.0
t986,-2662.6697017226784,-4000.0
t987,-4725.705116962486,-903.5043620774176
t988,-3992.9371215903298,-0.0
t989,-3924.5161328227528,-0.0
t990,-1638.4412840429252,-0.0
t991,-4929.7164354316365,-225.88177010546622
t992,-3731.536871002283,-129.43197777619403
t993,-2291.330422453185,453.1010581579945
t994,-4804.2261571731715,2072.686804499102
t995,-2254.607135902789,537.8021686843788
t996,-1990.5554074107547,262.6151706328632
t997,-2135.8537731281276,-0.0
t998,-2482.0959553962803,-0.0
t999,-2626.481675097889,-0.0
t1000,-3412.63587812987,-0.0
t1001,-5900.0,-34.51296450596338
t1002,-5900.0,-3170.3880293137136
t1003,-5900.0,-4000.0
t1004,-4381.392079033948,-4000.0
t1005,-4886.97795338223,-4000.0
t1006,-5900.0,-4000.0
t1007,-3568.653303686033,-4000.0
t1008,-4037.9625214210896,-4000.0
t1009,-3085.6502070566044,-1568.8495344043176
t1010,-1561.9369496183283,-2739.693300471803
t1011,-1016.6271963962658,-2126.104914024469
t1012,-23.54961572606139,-4000.0
t1013,-1010.7895170298868,-3150.486400191315
t1014,-1174.679778933552,-3467.721991600341
t1015,-1263.7805112594497,-3445.0317865560755
t1016,-3089.2531830852636,-241.43162226304975
t1017,-3734.055364306991,877.0855696530157
t1018,-2304.166052782145,1186.212598290038
t1019,-1307.9547652462184,1255.8763956204514
t1020,-2275.3149747456705,1176.8136511560451
t1021,-3216.7109699768553,1133.83587719021
t1022,-3957.7434722227163,1084.8977844181065
t1023,-3368.465108225267,218.0512503003129
t1024,-4031.570676880843,27.786607159612984
t1025,-5059.616026546027,-440.19799322911155
t1026,-4282.881921153372,-1244.398728366108
t1027,-3670.779252924146,-2425.909143688659
t1028,-4497.074851912007,-4000.0
t1029,-4598.700144052083,-4000.0
t1030,-3887.323099071548,-4000.0
t1031,-2852.958739467599,-4000.0
t1032,-3303.9458743095893,-2560.643304103453
t1033,-3555.982769480579,-2058.0342642699193
t1034,-2098.1340596035075,-1141.351505430706
t1035,-4001.3002052557063,-503.3630013682334
t1036,-520.4810975327596,-2270.4581294751333
t1037,-2582.836350729214,-2092.5624472674876
t1038,-2368.897048116399,-3670.738824537219
t1039,-1996.248390115747,-3387.4516023502897
t1040,-5900.0,-830.6942328154196
t1041,-5900.0,90.30673647612197
t1042,-5900.0,930.969006803407
t1043,-5900.0,1753.790427001779
t1044,-5900.0,1866.3752274551623
t1045,-5883.11425573845,1215.9607092184406
t1046,-5900.0,959.0448177025352
t1047,-5900.0,2337.134594261913
t1048,-5900.0,1126.2389721423147
t1049,-5082.042542156337,350.32823557373035
t1050,-5900.0,-0.0
t1051,-4661.608057899414,-960.6457929164264
t1052,-3590.2540098964205,-2052.0902250443164
t1053,-5900.0,-154.53271907617912
t1054,-4509.886938116267,-449.3658736893715
t1055,-5345.089449887432,-356.9972377244625
t1056,-2363.1786295720394,-1393.154931952188
t1057,-2536.775478161698,-1768.9139507977388
t1058,-2841.362855553968,-1347.1288766005812
t1059,-2074.630565749405,-1483.4096947456214
t1060,-2540.3436944244945,-1836.122751013661
t1061,-2873.779593422087,-2630.595290391625
t1062,-1351.1164510319147,-2629.7369563877774
t1063,-1285.566333857877,-2358.9506999324954
t1064,-2407.593684894865,-761.4765449860995
t1065,-4442.882683919032,908.8622015833382
t1066,-4755.164127119674,852.0935618145238
t1067,-4124.300474365039,1135.4895647544215
t1068,-4383.0375035045245,944.5991423581495
t1069,-2537.4456791533944,750.126971006658
t1070,-2452.468130652,181.63546681833492
t1071,-4830.1326275706315,-0.0
t1072,-5163.756547502767,-0.0
t1073,-5526.705647347819,-871.0115648635489
t1074,-5900.0,-1348.8041348715356
t1075,-5900.0,-3002.038177144228
t1076,-5900.0,-3588.9197784056405
t1077,-5900.0,-4000.0
t1078,-5900.0,-4000.0
t1079,-5704.962406249876,-4000.0
t1080,-5900.0,-4000.0
t1081,-5900.0,-4000.0
t1082,-5900.0,-4000.0
t1083,-5858.967355784302,-4000.0
t1084,-5736.212052407178,-4000.0
t1085,-3609.516756426678,-4000.0
t1086,-4130.723700273803,-4000.0
t1087,-4011.7426780671713,-4000.0
t1088,-3300.289129173877,-4000.0
t1089,-4523.935261232779,-122.54060086460746
t1090,-4399.5823960566995,619.1490662629708
t1091,-4285.175599341896,531.3841356717263
t1092,-3008.1080674896707,-486.53695844243214
t1093,-3346.1292423722866,-45.43639243199516
t1094,-4563.704715590091,-1210.813565677258
t1095,-2155.009688242932,-1765.1711220188265
t1096,-4672.5737802238,-1717.4710072215712
t1097,-5620.574121976226,-2578.046296004413
t1098,-5043.336747925393,-3636.8796661858814
t1099,-4773.460082825896,-4000.0
t1100,-5065.5364547312765,-4000.0
t1101,-5087.67265697961,-4000.0
t1102,-4339.066544581423,-4000.0
t1103,-3204.083083848686,-4000.0
t1104,-4063.136355041698,-4000.0
t1105,-3653.469176212319,-4000.0
t1106,-3017.430077984957,-3720.5257595782264
t1107,-3797.255085175978,-2590.393226149853
t1108,-2260.731146079913,-2117.470842421933
t1109,-2802.247314113264,-1505.853520340447
t1110,-4144.788483377063,-625.9259162228211
t1111,-4183.785760697311,-486.72987203113723
t1112,-4083.216281734325,649.144288885526
t1113,-3970.3245810571407,973.0692017967623
t1114,-3037.5601478341805,1215.4712889787063
t1115,-2444.2805265278703,1125.4215415768053
t1116,-3049.5410165353724,1075.11802758138
t1117,-3738.3584094216644,1186.8204140982118
t1118,-4226.308198569813,1230.8456781617404
t1119,-4973.712443168087,1384.0764609430269
t1120,-4532.475411088071,822.1003324108999
t1121,-4920.2310940644775,750.6038468019976
t1122,-5900.0,-84.30718343524406
t1123,-3421.634606110716,-1940.5762707223926
t1124,-4655.263885865091,-560.2626766755533
t1125,-2536.244642579219,-2619.479533782251
t1126,-3856.877387697877,-1187.9026243897733
t1127,-2129.47558531165,-1346.2336846358774
t1128,-2779.0448263418534,-1888.6009045346927
t1129,-2229.1887884991534,-1614.3789649676664
t1130,-1501.4808551639508,-1827.705716363729
t1131,-1798.9104936373294,-1790.1246933475409
t1132,-600.157950431108,-2384.9344782594067
t1133,-688.0905228175982,-2059.3678503550454
t1134,-156.06839346970537,-2757.9817159137465
t1135,-0.0,-2903.499306135478
t1136,-984.4727947005866,-1581.1212972684834
t1137,-2949.364166303112,-806.2700824349524
t1138,-4570.137931996762,139.7349343403806
t1139,-3497.0031543042837,538.5895383532545
t1140,-4512.772362031192,-173.98066734973696
t1141,-3101.951639214917,131.50721772948359
t1142,-3833.3382331259527,-1115.396084851701
t1143,-3214.3220216874347,-1314.5567818167438
t1144,-5900.0,-819.4618318412499
t1145,-4864.780193348377,-4000.0
t1146,-5395.8299279981775,-4000.0
t1147,-5900.0,-4000.0
t1148,-5900.0,-4000.0
t1149,-5900.0,-4000.0
t1150,-5900.0,-4000.0
t1151,-5777.858385752073,-4000.0
t1152,-4870.875940667387,-4000.0
t1153,-4244.423284549334,-4000.0
t1154,-3762.457790142437,-4000.0
t1155,-3458.5881047334947,-4000.0
t1156,-3262.380857532357,-4000.0
t1157,-992.8064379489764,-4000.0
t1158,-1065.2521907617042,-4000.0
t1159,-1566.6064652332655,-4000.0
t1160,-330.90384285030507,-4000.0
t1161,-2342.805880170086,-1919.0220043514757
t1162,-5273.898372297205,2932.3975904242047
t1163,-2107.3422910064546,1157.9499949537935
t1164,-2194.122070537973,437.28033047817644
t1165,-2133.349762565909,43.08909585972368
t1166,-4362.64427012521,1926.315598240956
t1167,-3225.874524215919,1888.2203652333878
t1168,-3523.8533472892937,-0.0
t1169,-3799.4887251877003,-2563.868588380058
t1170,-2205.8422101490614,-3635.4207518529706
t1171,-4483.434656163635,-4000.0
t1172,-4493.0500878668545,-4000.0
t1173,-4349.926620195093,-4000.0
t1174,-5385.78338693686,-4000.0
t1175,-4397.703813852154,-4000.0
t1176,-1940.3434922294857,-4000.0
t1177,1068.2965283472809,-66.18913384271313
t1178,1349.5450748702613,-96.465705302268
t1179,1184.7661786864576,-0.0
t1180,892.93082720344,-0.0
t1181,657.9147914693273,-0.0
t1182,604.9516288163194,-26.60431391031054
t1183,-0.0,-0.0
t1184,-0.0,-0.0
t1185,-3259.9804773672668,427.2497880296513
t1186,-1310.9756158187035,345.9738484674162
t1187,-2895.0019658694623,1694.5356422726375
t1188,-1579.3687381118798,557.3951780053303
t1189,-1697.115738141298,526.1900509031522
t1190,-1582.1162325089533,-0.0
t1191,-3662.7510618422675,-0.0
t1192,-5619.430879817693,-0.0
t1193,-5900.0,-3305.0979140542518
t1194,-5900.0,-2847.676202191709
t1195,-5900.0,-2669.929498936442
t1196,-5900.0,-4000.0
t1197,-5900.0,-2516.436246841422
t1198,-5900.0,-2857.9366986456553
t1199,-5900.0,-4000.0
t1200,-5900.0,-3727.542406370407
t1201,-5900.0,-3187.232825452409
t1202,-5900.0,-0.0
t1203,-5900.0,-0.0
t1204,-5900.0,-0.0
t1205,-5900.0,-1472.90535584782
t1206,-5900.0,-0.0
t1207,-5900.0,-462.23465055000435
t1208,-5900.0,-1218.286519873393
t1209,-5900.0,-0.0
t1210,-5391.078210352812,-0.0
t1211,-4314.988165830482,-0.0
t1212,-4613.71632131499,-0.0
t1213,-5464.980590679234,-0.0
t1214,-5900.0,-0.0
t1215,-5900.0,-0.0
t1216,-5900.0,-1413.7034721948514
t1217,-1585.3743902021008,-2208.309267143006
t1218,-2195.564337713874,-0.0
t1219,-3907.658475423483,-4000.0
t1220,-3603.788790014542,-4000.0
t1221,-3548.4987460139882,-0.0
t1222,-2485.0084731720667,-0.0
t1223,-1587.635591542052,-332.0612639307795
t1224,-841.9003692316238,-272.623952281126
t1225,-600.3590829404808,-0.0
t1226,-323.65655483631156,-0.0
t1227,-208.95077954949255,-0.0
t1228,-222.03126269623502,-0.0
t1229,-472.5728245069185,-0.0
t1230,-0.0,-0.0
t1231,-386.4328994182529,-0.0
t1232,-186.68948871992924,-0.0
t1233,-3120.2520974193385,716.1701201184903
t1234,-3644.058831013208,134.74622255947997
t1235,-2224.006148339046,723.4116440738229
t1236,-2731.0640864212114,1499.3258283283235
t1237,-3241.405220868533,2469.7259481053898
t1238,-2653.2847589789753,2000.4493894006137
t1239,-5256.367661045644,2441.468551728953
t1240,-3384.465519651714,1220.9279817106196
t1241,-0.0,-0.0
t1242,-1281.5091637832813,-0.0
t1243,-1627.1341817544037,-4000.0
t1244,-5790.127612921971,-1576.249794502435
t1245,-2791.409369844309,-0.0
t1246,-0.0,18.750183087153907
t1247,-1553.064450492336,672.5828293372199
t1248,-929.9249805863737,559.4712909020504
t1249,-309.6395965250276,484.73688157881315
t1250,-0.0,447.36967691719457
t1251,140.45338418411373,431.21088571217024
t1252,105.58850931518307,435.2505835134263
t1253,-165.43473334452855,468.5780903737888
t1254,-1012.6323613659398,569.5705354051905
t1255,-1753.0202461952097,-0.0
t1256,-2064.9988208084455,840.2302880893466
t1257,-2486.327029687951,916.7379226196867
t1258,-762.381358735233,1277.1365503957647
t1259,-1361.6133293442479,1273.0968525945088
t1260,-0.0,1259.967834740427
t1261,-1622.5523647231437,1187.6009516943202
t1262,-1689.1007054275374,1234.7197234825765
t1263,-0.0,-0.0
t1264,-941.9208124536665,-1629.7325149367348
t1265,-144.6498848655796,-0.0
t1266,-980.8178699296884,-0.0
t1267,-1897.5097242452453,966.5532789157592
t1268,-2855.9654130882186,-0.0
t1269,-1684.320418802784,-0.0
t1270,-1709.913851231314,-0.0
t1271,-1470.7560252494122,663.7906724716084
t1272,-512.1828063102527,547.2606084494605
t1273,91.99801584945195,474.3813281724195
t1274,406.12739442076776,438.6700689487775
t1275,426.846567402028,400.7824953993382
t1276,430.8773724616123,374.1074248871722
t1277,378.6407786920651,383.86437890730014
t1278,-148.3571814573091,187.2117456454849
t1279,-0.0,-0.0
t1280,-0.0,-0.0
t1281,-2112.309350806381,736.7872829507065
t1282,-0.0,799.6418316308684
t1283,-1104.6047390352617,2096.898964219055
t1284,-285.71330953821257,418.95238122769894
t1285,-0.0,520.1855957743679
t1286,-0.0,731.9465952859291
t1287,-1710.6978468609102,745.2658684518859
t1288,-1035.725526932335,542.5667783156534
t1289,-3287.0630657830684,640.1798334510531
t1290,-1777.3070219446965,738.7102954335846
t1291,-2532.7314590340775,-0.0
t1292,-2654.309831459859,-115.16540709596015
t1293,-2414.8702647709288,-0.0
t1294,-0.0,114.2819560754317
t1295,-1416.5061248112938,236.4550871740142
t1296,-430.6615905112164,-0.0
t1297,-163.48642803922183,303.48640682476287
t1298,275.7617797072735,181.74373392318526
t1299,409.1969331366189,30.427906299661785
t1300,325.126525355379,-0.0
t1301,351.7750778369593,209.98520538560248
t1302,151.00355496055914,100.07216610801628
t1303,-0.0,-0.0
t1304,-1318.8004175603637,-0.0
t1305,-3103.2671842837776,641.4483397647201
t1306,-2376.6394655247586,518.260127019361
t1307,-2912.741683992209,1946.13784261071
t1308,-3167.174827344025,2619.457025567155
t1309,-3186.9357234202066,2657.5874904911893
t1310,-2802.9698579208857,2016.9661049015085
t1311,-3068.6134404974755,443.8025400144217
t1312,-3495.1550834597974,636.5043237611694
t1313,-2334.7332111338956,-0.0
t1314,-0.0,-0.0
t1315,-0.0,-0.0
t1316,-0.0,-0.0
t1317,-0.0,-0.0
t1318,-0.0,651.4563102353723
t1319,-0.0,-0.0
t1320,-298.56424943736164,534.0858960380962
t1321,262.1310563576148,464.30053610432395
t1322,584.3031067417317,423.5466724516601
t1323,731.980893151138,412.07298768072286
t1324,786.6838807867406,405.10192115792466
t1325,723.6418190932578,407.5082289168153
t1326,464.1142201802447,435.35899266962565
t1327,35.74061034075984,494.78438166637517
t1328,-0.0,-0.0
t1329,-3312.5632766656995,966.8223483523094
t1330,-1968.4107949654372,1212.8212411682878
t1331,-2676.5584779227147,2396.1487956822743
t1332,-3000.226757492457,3063.117468270582
t1333,-2844.816210074444,3043.654710370581
t1334,-2345.838125228539,2205.4262252139315
t1335,-3452.9182800785543,1207.8426498235376
t1336,-2613.399223992632,1033.3665806879826
t1337,-1946.348157070257,-0.0
t1338,-748.6655936996634,-0.0
t1339,-811.8419526975753,108.71926411840276
t1340,-493.48757026178026,-0.0
t1341,-50.36903186586903,-0.0
t1342,-1606.5540244461388,-0.0
t1343,-841.8488558673448,-0.0
t1344,-666.4503734089188,498.77926443418346
t1345,-1066.3927191743087,-2835.6678471382024
t1346,64.74913428600495,-1446.5176760294676
t1347,-0.0,-1993.291865548242
t1348,-0.0,-1213.531435714889
t1349,-282.17907291189584,-579.5777247869532
t1350,-1021.5623282417449,-604.9935941715415
t1351,-2972.6153669819178,-0.0
t1352,-1888.7023869735087,-0.0
t1353,-4369.696217340493,641.6048886954344
t1354,-5862.120279390699,1218.3524657248824
t1355,-2499.4947756997626,-0.0
t1356,-2219.90674430675,-0.0
t1357,-2163.5825425516523,-0.0
t1358,-2646.5122774431875,-0.0
t1359,-2932.7090076778145,-0.0
t1360,-5900.0,-0.0
t1361,-4394.177088114324,-1296.2763244945484
t1362,-2258.556102243005,-1301.523471633638
t1363,-3201.2053218649216,-340.22771598248613
t1364,-0.0,-1477.7528983514082
t1365,-1771.9842345651514,-1063.765068627453
t1366,-99.17148709327948,-328.5033350180755
t1367,-0.0,-0.0
t1368,-205.65828935592396,-0.0
t1369,153.40092341621647,163.34048191890506
t1370,71.16963690090951,258.27529430834403
t1371,31.928187460681773,431.7731404810223
t1372,30.921996449393994,440.7798108441697
t1373,80.31200581866375,456.31676039611375
t1374,-678.7719153391165,482.461484303332
t1375,-78.35498431289253,744.7710864758697
t1376,-918.4161209805254,868.4480315565468
t1377,-1578.549687161244,895.5192104914624
t1378,-0.0,906.8308065027985
t1379,-0.0,921.0387000152996
t1380,-0.0,1434.0030105462488
t1381,-0.0,927.9156805753175
t1382,-0.0,927.0677137442241
t1383,-0.0,917.9944707635258
t1384,-691.9007510169845,930.9390134144969
t1385,-1207.2108474694628,-0.0
t1386,-1704.2692070456787,-0.0
t1387,-4464.73279971134,1094.6055608575584
t1388,-2349.14352931886,1045.6311260406685
t1389,-2984.757862533068,-0.0
t1390,-0.0,-0.0
t1391,-515.963094541431,-0.0
t1392,-497.90953639639594,256.9282348272707
t1393,-129.53714436620288,479.63389660161624
t1394,-0.0,433.2679111737434
t1395,-0.0,378.6100599206045
t1396,-0.0,231.64750429356474
t1397,-0.0,268.81673705250586
t1398,-176.4787500285753,-0.0
t1399,-0.0,300.07484051870637
t1400,-2258.2879523832125,-0.0
t1401,-1711.9496741963808,290.74983491238044
t1402,-2934.1499163050175,1130.5388377089187
t1403,-1803.6499543502534,611.223088300503
t1404,-1639.1537197627558,1212.2142837874273
t1405,-1545.1272363951643,1518.3592339410413
t1406,-2210.3274712188854,2011.3983016202387
t1407,-3217.3122178333397,1052.3352087388864
t1408,-4468.488469445086,1117.0598325532103
t1409,-4054.7321272810786,945.1033420579209
t1410,-2603.711397580758,1040.681300513231
t1411,-2533.9900338734083,1037.4209657349318
t1412,-4147.29402806763,712.3826454947199
t1413,-883.8811559131935,87.7969557171403
t1414,-2282.4365366541224,-0.0
t1415,-1083.8960291975916,705.2601725977836
t1416,-0.0,-0.0
t1417,-158.53789143708266,330.9176278356982
t1418,-0.0,192.95565562682293
t1419,-0.0,-684.7629785749542
t1420,41.78278494734803,-1214.9877274101989
t1421,-0.0,-534.1784518702958
t1422,191.0945937636916,-595.5153577512742
t1423,-0.0,-787.6227555635853
t1424,-0.0,-908.3571373967809
t1425,-1802.488028587638,-1386.632363124271
t1426,-38.930992052866124,-2597.5056457667274
t1427,-2796.65702757135,-0.0
t1428,-3381.6150628722717,-0.0
t1429,-2379.0645032030047,-0.0
t1430,-2867.13690772925,-0.0
t1431,-4208.128325030478,-0.0
t1432,-5900.0,-695.1448290797321
t1433,-4285.945655884732,-1977.8160790321358
t1434,-2030.6402485746523,-0.0
t1435,-2076.9250350938946,-0.0
t1436,-2639.095868437043,-1417.830987780336
t1437,-843.3564391125345,-2762.7376738677926
t1438,-3409.1283541527246,-2867.2568872482375
t1439,-1974.511595071536,-2301.205376513118
t1440,-780.0755577402603,-4000.0
t1441,-406.9573829678348,-4000.0
t1442,-129.49451821359418,-3860.9082669277004
t1443,1141.7707009464639,-4000.0
t1444,1519.310889339027,-3376.175066791868
t1445,1166.8967387699784,-1337.9805899760786
t1446,-0.0,-0.0
t1447,-1205.1775233343894,-36.923829458494836
t1448,-2799.4123603644234,-0.0
t1449,41.920738213337756,92.73517594140235
t1450,-310.09924685536845,-444.5130161783783
t1451,-295.39157703240846,-0.0
t1452,-1022.6151968740458,1043.4265840626217
t1453,176.62152072806845,8.85101538846748
t1454,-0.0,47.35810207559464
t1455,-575.1381735824293,619.2912851237583
t1456,-1406.1653325025186,394.76959763050564
t1457,-961.7002407152186,-0.0
t1458,-1395.3685665802968,-0.0
t1459,-1962.409845216597,741.2679365571615
t1460,-3658.860089546709,853.3707520944891
t1461,-3256.6974616798125,902.9328778993728
t1462,-2971.041938712932,793.570116316355
t1463,-0.0,650.2804034533856
t1464,-0.0,559.9212124698676
t1465,-395.4470257235481,506.6422471360627
t1466,-242.55186752404725,485.32410860551323
t1467,-1190.5566466911548,460.74189403440374
t1468,-1977.3489991681586,448.3008427135154
t1469,-2433.8267300554035,454.3568114763171
t1470,-1827.6184992024273,460.6971157991799
t1471,-1918.0123906493748,519.5215833495457
t1472,-1406.470625907651,542.0966933757238
t1473,-3280.7626457700026,974.1370389994503
t1474,-3066.876473605144,966.0286494308876
t1475,-2134.097001552626,921.5202087187068
t1476,-2916.7755453191025,1608.520491199783
t1477,-2042.6476052120113,889.1077479761472
t1478,-1348.3712477470222,916.8011029599901
t1479,-2698.304337245022,998.6282731889704
t1480,-2818.7640361764516,885.7874899764493
t1481,-672.9234204755942,-0.0
t1482,-976.7931058845373,-0.0
t1483,-2995.825963657234,-0.0
t1484,-2628.566244537155,-0.0
t1485,-2253.256997326774,-0.0
t1486,-161.43483865886463,-0.0
t1487,-234.37463159968243,-0.0
t1488,-282.7647499732864,48.158778219938895
t1489,-0.0,-0.0
t1490,-0.0,-0.0
t1491,-64.29242162668832,-0.0
t1492,-0.0,-0.0
t1493,-0.0,-113.19484572756976
t1494,-0.0,-308.6658638986324
t1495,-0.0,-770.1742910214224
t1496,-0.0,-1216.0834088853733
t1497,-0.0,-924.7821395321495
t1498,-428.5879305165966,-1083.4435613764863
t1499,-0.0,-423.839547995878
t1500,-152.34747046842816,-859.894791273736
t1501,-0.0,-1116.871072480997
t1502,-100.75712385113215,-935.5625449998768
t1503,-0.0,-1462.6310952764406
t1504,-2762.267649914591,-1771.1126805707868
t1505,-2650.6546327791193,-1195.7300841082306
t1506,-3813.4929031691004,-606.2539257109939
t1507,-3818.2159696678013,-475.2727781383934
t1508,-1158.2845115348623,-618.6368090078574
t1509,-2765.4127653238143,-757.3703211441676
t1510,-1763.5869254418083,-1019.6090077946411
t1511,-1059.1604915189132,-809.6377922075867
t1512,-1047.1571267767138,-1659.6197938184764
t1513,-0.0,-1878.9753364834803
t1514,-739.0647195985009,-795.0848171561742
t1515,-435.14665308895655,-531.3139034020998
t1516,-1390.3435647353704,-0.0
t1517,-0.0,-0.0
t1518,-0.0,-644.9205744666931
t1519,-832.5479971722648,-752.144853684304
t1520,-712.0681249502238,-2007.0870134003278
t1521,-2088.5829296507427,-1853.2126516055628
t1522,-2080.968013545062,-1708.7631847487094
t1523,-2768.263289326144,-0.0
t1524,-1659.1895522053842,-0.0
t1525,-1657.4234741197984,-0.0
t1526,-2038.436623180217,-0.0
t1527,-4288.067692366126,-0.0
t1528,-3639.9121734783203,-1592.9823652482648
t1529,-5268.277950910135,-512.4451378683569
t1530,-1361.818261985705,-313.6597640589455
t1531,-3839.2490584683633,-0.0
t1532,-1363.4054815709653,-0.0
t1533,-3127.8720134878263,-0.0
t1534,-2389.3278112025173,-0.0
t1535,-205.0975542376567,-0.0
t1536,-500.70728301515487,-0.0
t1537,-0.0,108.30918204330725
t1538,-70.83243785732385,389.4339077291602
t1539,-139.82695579945138,369.77733206928013
t1540,-135.85967900171755,344.2647050671188
t1541,-136.91138008828125,422.29266589213603
t1542,-0.0,-0.0
t1543,-0.0,-0.0
t1544,-357.2144702830784,-0.0
t1545,-3171.9396596722927,729.6136244294948
t1546,-1917.230721740614,979.2999507349866
t1547,-495.85122863297795,683.6659740729261
t1548,-680.6524548281798,292.2966280739233
t1549,-726.3677739822984,620.4062866530461
t1550,-513.3105822762129,-96.03756796677403
t1551,-505.0607616823177,-532.1121850396756
t1552,-2752.5239409513765,-198.39378855271462
t1553,-5185.7895761465315,-168.02267649880127
t1554,-5024.487390636056,-252.10405919123923
t1555,-5228.854442316907,-48.968027220257355
t1556,-4706.74276567438,-868.8570895107837
t1557,-3560.7618042909353,-1523.2172708800476
t1558,-2325.5048357619207,-2497.591710917727
t1559,-2406.141649657808,-1150.8733681542576
t1560,-3452.864466825641,-1333.926722849322
t1561,-4570.564516828643,-1234.312749431192
t1562,-3570.6893227683195,-1964.983013485976
t1563,-3554.861456810691,-1775.8549448117742
t1564,-4145.183367597697,-1135.8762146072586
t1565,-4206.976248566781,-1440.918953369452
t1566,-3552.813478520985,-1475.8391872918426
t1567,-5009.213140825557,-938.2652336212864
t1568,-4185.32799969984,-2469.124715639338
t1569,-5900.0,-71.68874873483355
t1570,-4057.5799207972104,-1455.264256418049
t1571,-3330.4590648563044,-0.0
t1572,-2903.9885009820105,-0.0
t1573,-3486.330211711528,-0.0
t1574,-5351.258511526679,-0.0
t1575,-5900.0,-820.4598547132574
t1576,-5900.0,-1543.3073327001364
t1577,-5900.0,-4000.0
t1578,-5900.0,-4000.0
t1579,-5900.0,-4000.0
t1580,-5900.0,-4000.0
t1581,-5900.0,-4000.0
t1582,-5900.0,-4000.0
t1583,-5900.0,-4000.0
t1584,-5900.0,-4000.0
t1585,-5900.0,-4000.0
t1586,-5900.0,-1268.2054356478363
t1587,-5900.0,-0.0
t1588,-5900.0,-3816.415757998041
t1589,-5900.0,-4000.0
t1590,-5900.0,-478.3934417550286
t1591,-5900.0,-1891.2777477443356
t1592,-5900.0,-4000.0
t1593,-5900.0,-0.0
t1594,-5198.5359682229455,-0.0
t1595,-2206.645922240391,-0.0
t1596,-2525.799149281613,1325.5896954360378
t1597,-2712.9727381381726,1762.1003864383558
t1598,-4653.215206506052,-0.0
t1599,-3608.2120139189583,-0.0
t1600,-2634.1023223140064,-2219.387415712292
t1601,-3894.994508839333,-2968.1184068197394
t1602,-1215.9325027527582,-3217.0496945121513
t1603,-3028.475848293985,-1401.8206636323216
t1604,-4221.863745977405,-0.0
t1605,-3140.7032569202242,-700.3908843229302
t1606,-5097.209250784033,-0.0
t1607,-3442.5636111778413,-0.0
t1608,-5900.0,-1459.2676162630594
t1609,-5900.0,-2529.4940889408144
t1610,-3948.6031272306955,-4000.0
t1611,-4877.218597249026,-4000.0
t1612,-5900.0,-4000.0
t1613,-4000.925059817666,-4000.0
t1614,-5900.0,-4000.0
t1615,-5900.0,-4000.0
t1616,-5900.0,-4000.0
t1617,-5629.539600272077,-4000.0
t1618,-5685.617367181516,-4000.0
t1619,-2238.301537869383,-4000.0
t1620,-2768.901872968215,-4000.0
t1621,-2749.953170161678,-3345.7335023891205
t1622,-3605.208246425286,-4000.0
t1623,-3296.089348942696,-4000.0
t1624,-2124.8312119679485,-4000.0
t1625,-3451.144395112157,-4000.0
t1626,-5413.848205847517,-4000.0
t1627,-3452.3953840853824,-0.0
t1628,-3082.1170919314413,-0.0
t1629,-2654.4859121340883,-0.0
t1630,-4272.0485564029195,-0.0
t1631,-1821.4366316911803,-0.0
t1632,-508.3402644191407,-1211.531901125119
t1633,-2594.2872958067514,-900.17357055791
t1634,-2479.3951347821085,-1314.7108784397196
t1635,-1276.6448515380944,-1578.854252175386
t1636,-643.7248345593538,-785.6721212566127
t1637,-843.7503260183153,-354.6896993208164
t1638,-647.4002012532527,-0.0
t1639,-2009.124972016461,-0.0
t1640,-2656.1057922745727,-0.0
t1641,-2168.4937047113012,757.685481965527
t1642,-1540.2065883217554,-883.4185334380963
t1643,-3886.1346718357076,-1017.7041286337693
t1644,-2320.0636629473947,-654.1570911389615
t1645,-484.84892878089926,-171.39154091196016
t1646,-0.0,-22.49590885689986
t1647,-337.85819990752174,-882.8508744721619
t1648,-3905.077405810635,214.17888187323658
t1649,-4513.011405305429,-1111.7795506295038
t1650,-3896.451630921386,-2129.5472078799567
t1651,-4263.68788560965,-1559.9733693986784
t1652,-3696.806246327622,-1779.5245447596662
t1653,-3051.968731664503,-2076.3109237919116
t1654,-5135.791293986704,-2155.0613687372506
t1655,-1932.9852371438733,-3151.5286141373845
t1656,-3340.415352592363,-4000.0
t1657,-3386.142351920767,-4000.0
t1658,-2991.715475495915,-4000.0
t1659,-5900.0,-3088.2602293216355
t1660,-5900.0,-2115.1961967924713
t1661,-5900.0,-3049.8831002097027
t1662,-5900.0,-0.0
t1663,-5900.0,-3647.7583747955996
t1664,-5900.0,-0.0
t1665,-5900.0,-1867.9431945154322
t1666,-5900.0,-771.4940024882756
t1667,-4593.312915214238,-1057.9049324442778
t1668,-1223.2434377471066,-4000.0
t1669,-2065.473139875744,-0.0
t1670,-5351.844794156876,-269.78349590104744
t1671,-0.0,-3634.7235001146496
t1672,-248.6090543099265,-3532.1589274602975
t1673,-2065.818066515334,-3249.414078829808
t1674,-2930.4457597490427,-2578.116647055774
t1675,-2717.5589929252837,-512.7877971935983
t1676,-5178.056819409915,-0.0
t1677,-4755.456594669002,-0.0
t1678,-5900.0,-102.08493641987114
t1679,-5900.0,-388.0139633240847
t1680,-3167.9428620314998,-2299.8185758563077
t1681,-5900.0,-4000.0
t1682,-5900.0,-875.7985436296423
t1683,-5900.0,-2500.143189230135
t1684,-5900.0,-3780.0584777867357
t1685,-5900.0,-2691.0661232892635
t1686,-5900.0,-4000.0
t1687,-5900.0,-2219.5865697627123
t1688,-5900.0,-4000.0
t1689,-5900.0,-4000.0
t1690,-5900.0,-2763.130272510174
t1691,-5059.4772552548775,-0.0
t1692,-5900.0,-4000.0
t1693,-5900.0,-3692.064237178689
t1694,-5681.965019210683,-3612.3284140599403
t1695,-5429.9569432374465,-4000.0
t1696,-5900.0,-4000.0
t1697,-5900.0,-4000.0
t1698,-5900.0,-4000.0
t1699,-5900.0,-4000.0
t1700,-5900.0,-4000.0
t1701,-5900.0,-4000.0
t1702,-5900.0,-4000.0
t1703,-5900.0,-4000.0
t1704,-5900.0,-4000.0
t1705,-5900.0,-2003.8422549360794
t1706,-5900.0,-3867.9219049640546
t1707,-5900.0,-0.0
t1708,-5900.0,-3636.6492058421454
t1709,-5900.0,-3825.5050780508664
t1710,-5900.0,-4000.0
t1711,-5900.0,-4000.0
t1712,-5900.0,-4000.0
t1713,-5900.0,-4000.0
t1714,-5900.0,-4000.0
t1715,-5900.0,-4000.0
t1716,-421.2701885593799,-4000.0
t1717,-3198.9511023814234,-4000.0
t1718,-3343.7076704540477,-3023.3326204974715
t1719,-3646.643315302616,-4000.0
t1720,-4104.862942203949,-4000.0
t1721,-4543.42514741286,-4000.0
t1722,-4513.907472654281,-4000.0
t1723,-5900.0,-4000.0
t1724,-4793.966709223542,-4000.0
t1725,-5900.0,-3884.307421268976
t1726,-5900.0,-4000.0
t1727,-5900.0,-4000.0
t1728,-5900.0,-4000.0
t1729,-5900.0,-3940.636465386664
t1730,-5900.0,-1464.0429276715593
t1731,-5900.0,-3430.6246179780865
t1732,-5900.0,-3428.6047690774585
t1733,-5900.0,-0.0
t1734,-5900.0,-0.0
t1735,-5900.0,-1350.9681668263388
t1736,-5900.0,-4000.0
t1737,-5900.0,-1381.7669761513246
t1738,-5900.0,-0.0
t1739,-4564.96925523269,-0.0
t1740,-4090.514551577794,-0.0
t1741,-4531.228873845858,-0.0
t1742,-4684.349486674387,-0.0
t1743,-5594.042764476945,-0.0
t1744,-5900.0,-423.4765928858931
t1745,-5900.0,-4000.0
t1746,-5900.0,-4000.0
t1747,-5900.0,-4000.0
t1748,-5900.0,-2384.0507463113668
t1749,-5900.0,-4000.0
t1750,-5900.0,-4000.0
t1751,-5900.0,-4000.0
t1752,-5900.0,-4000.0
t1753,-5900.0,-4000.0
t1754,-5900.0,-2828.2581855053013
t1755,-5900.0,-1468.7353692655156
t1756,-5900.0,-1469.74529371583
t1757,-5900.0,-1340.014375976378
t1758,-5900.0,-1949.4681902848697
t1759,-5900.0,-1663.6036345098023
t1760,-5900.0,-2367.2978465597275
t1761,-5900.0,-0.0
t1762,-5900.0,1376.9543320049904
t1763,-5900.0,2310.5617377515364
t1764,-5652.245463159051,3174.7993900755464
t1765,-5900.0,3163.736191790608
t1766,-5900.0,1952.6094441658836
t1767,-5900.0,1393.5647705198294
t1768,-5900.0,-0.0
t1769,-3851.9407059509676,-1557.6174688523688
t1770,-5900.0,-2126.4559009181507
t1771,-5900.0,-2055.7611893961716
t1772,-5900.0,-3495.4165345185297
t1773,-5900.0,-2694.550698865702
t1774,-5900.0,-2577.7408646123836
t1775,-5900.0,-3785.661070476688
t1776,-5900.0,-4000.0
t1777,-5900.0,-2085.5613605490635
t1778,-5900.0,-2833.1187875042156
t1779,-5900.0,-2809.493480500255
t1780,-5900.0,-3658.8675437490538
t1781,-5900.0,-3841.663869255891
t1782,-5900.0,-1746.4658312298966
t1783,-5900.0,-4000.0
t1784,-5900.0,-4000.0
t1785,-5900.0,-4000.0
t1786,-5900.0,-4000.0
t1787,-5900.0,-4000.0
t1788,-5900.0,-4000.0
t1789,-5900.0,-4000.0
t1790,-5900.0,-4000.0
t1791,-5900.0,-3764.6038905486866
t1792,-5900.0,-1660.8761897183872
t1793,-5900.0,-4000.0
t1794,-5900.0,-4000.0
t1795,-5900.0,-4000.0
t1796,-5900.0,-4000.0
t1797,-5900.0,-4000.0
t1798,-5900.0,-3877.964073128315
t1799,-5900.0,-4000.0
t1800,-5900.0,-4000.0
t1801,-5900.0,-2381.1540773232405
t1802,-5900.0,-3664.9270904509385
t1803,-5900.0,-3445.773484732797
t1804,-5900.0,-0.0
t1805,-5900.0,-0.0
t1806,-5900.0,-3704.3141440131844
t1807,-5900.0,-0.0
t1808,-5900.0,-1407.0366517689577
t1809,-5900.0,-0.0
t1810,-5900.0,-0.0
t1811,-5123.2092709624685,-0.0
t1812,-4273.378733352288,-0.0
t1813,-3632.9660603523953,-0.0
t1814,-3700.9405707103106,-0.0
t1815,-5140.807126028343,-0.0
t1816,-5635.240457824518,-0.0
t1817,-5900.0,-4000.0
t1818,-5900.0,-3403.1346498644184
t1819,-5900.0,-4000.0
t1820,-5900.0,-4000.0
t1821,-5900.0,-4000.0
t1822,-5900.0,-4000.0
t1823,-5900.0,-4000.0
t1824,-5900.0,-4000.0
t1825,-5900.0,-4000.0
t1826,-5900.0,-2810.0008068279435
t1827,-5900.0,-3962.854803293573
t1828,-5900.0,-3855.802811560287
t1829,-5900.0,-0.0
t1830,-5900.0,-0.0
t1831,-5900.0,-66.34426602691086
t1832,-5900.0,-518.7904197675883
t1833,-5900.0,-0.0
t1834,-4242.431458246334,-0.0
t1835,-2548.519268849511,-0.0
t1836,-3035.397654901688,-0.0
t1837,-4392.085120114215,-0.0
t1838,-4551.6904971304,-0.0
t1839,-3514.5158320822766,-0.0
t1840,-5737.4708322236975,-0.0
t1841,-5900.0,-4000.0
t1842,-5571.247294835103,-3617.975793915017
t1843,-5900.0,-4000.0
t1844,-5900.0,-3070.8695057111067
t1845,-5900.0,-4000.0
t1846,-5900.0,-4000.0
t1847,-5900.0,-4000.0
t1848,-5900.0,-2099.4292770096276
